dataset,split,image_path,ex_path,he_path,ma_path,se_path,tjdr_ann_path
DDR,train,DDR-SEGMENTATION/train/image/007-3396-200.jpg,DDR-SEGMENTATION/train/label/EX/007-3396-200.tif,DDR-SEGMENTATION/train/label/HE/007-3396-200.tif,DDR-SEGMENTATION/train/label/MA/007-3396-200.tif,DDR-SEGMENTATION/train/label/SE/007-3396-200.tif,
DDR,train,DDR-SEGMENTATION/valid/image/007-5942-300.jpg,DDR-SEGMENTATION/valid/label/EX/007-5942-300.tif,DDR-SEGMENTATION/valid/label/HE/007-5942-300.tif,DDR-SEGMENTATION/valid/label/MA/007-5942-300.tif,DDR-SEGMENTATION/valid/label/SE/007-5942-300.tif,
DDR,train,DDR-SEGMENTATION/train/image/007-1921-100.jpg,DDR-SEGMENTATION/train/label/EX/007-1921-100.tif,DDR-SEGMENTATION/train/label/HE/007-1921-100.tif,DDR-SEGMENTATION/train/label/MA/007-1921-100.tif,DDR-SEGMENTATION/train/label/SE/007-1921-100.tif,
DDR,train,DDR-SEGMENTATION/train/image/007-4980-300.jpg,DDR-SEGMENTATION/train/label/EX/007-4980-300.tif,DDR-SEGMENTATION/train/label/HE/007-4980-300.tif,DDR-SEGMENTATION/train/label/MA/007-4980-300.tif,DDR-SEGMENTATION/train/label/SE/007-4980-300.tif,
DDR,train,DDR-SEGMENTATION/train/image/007-2366-100.jpg,DDR-SEGMENTATION/train/label/EX/007-2366-100.tif,DDR-SEGMENTATION/train/label/HE/007-2366-100.tif,DDR-SEGMENTATION/train/label/MA/007-2366-100.tif,DDR-SEGMENTATION/train/label/SE/007-2366-100.tif,
DDR,train,DDR-SEGMENTATION/train/image/007-5526-300.jpg,DDR-SEGMENTATION/train/label/EX/007-5526-300.tif,DDR-SEGMENTATION/train/label/HE/007-5526-300.tif,DDR-SEGMENTATION/train/label/MA/007-5526-300.tif,DDR-SEGMENTATION/train/label/SE/007-5526-300.tif,
DDR,train,DDR-SEGMENTATION/train/image/007-6894-400.jpg,DDR-SEGMENTATION/train/label/EX/007-6894-400.tif,DDR-SEGMENTATION/train/label/HE/007-6894-400.tif,DDR-SEGMENTATION/train/label/MA/007-6894-400.tif,DDR-SEGMENTATION/train/label/SE/007-6894-400.tif,
DDR,train,DDR-SEGMENTATION/valid/image/007-3008-100.jpg,DDR-SEGMENTATION/valid/label/EX/007-3008-100.tif,DDR-SEGMENTATION/valid/label/HE/007-3008-100.tif,DDR-SEGMENTATION/valid/label/MA/007-3008-100.tif,DDR-SEGMENTATION/valid/label/SE/007-3008-100.tif,
DDR,train,DDR-SEGMENTATION/valid/image/007-3045-100.jpg,DDR-SEGMENTATION/valid/label/EX/007-3045-100.tif,DDR-SEGMENTATION/valid/label/HE/007-3045-100.tif,DDR-SEGMENTATION/valid/label/MA/007-3045-100.tif,DDR-SEGMENTATION/valid/label/SE/007-3045-100.tif,
DDR,train,DDR-SEGMENTATION/train/image/007-5320-300.jpg,DDR-SEGMENTATION/train/label/EX/007-5320-300.tif,DDR-SEGMENTATION/train/label/HE/007-5320-300.tif,DDR-SEGMENTATION/train/label/MA/007-5320-300.tif,DDR-SEGMENTATION/train/label/SE/007-5320-300.tif,
DDR,train,DDR-SEGMENTATION/train/image/007-3787-200.jpg,DDR-SEGMENTATION/train/label/EX/007-3787-200.tif,DDR-SEGMENTATION/train/label/HE/007-3787-200.tif,DDR-SEGMENTATION/train/label/MA/007-3787-200.tif,DDR-SEGMENTATION/train/label/SE/007-3787-200.tif,
DDR,train,DDR-SEGMENTATION/train/image/007-6505-400.jpg,DDR-SEGMENTATION/train/label/EX/007-6505-400.tif,DDR-SEGMENTATION/train/label/HE/007-6505-400.tif,DDR-SEGMENTATION/train/label/MA/007-6505-400.tif,DDR-SEGMENTATION/train/label/SE/007-6505-400.tif,
DDR,train,DDR-SEGMENTATION/train/image/007-4244-200.jpg,DDR-SEGMENTATION/train/label/EX/007-4244-200.tif,DDR-SEGMENTATION/train/label/HE/007-4244-200.tif,DDR-SEGMENTATION/train/label/MA/007-4244-200.tif,DDR-SEGMENTATION/train/label/SE/007-4244-200.tif,
DDR,train,DDR-SEGMENTATION/train/image/20170517171512703.jpg,DDR-SEGMENTATION/train/label/EX/20170517171512703.tif,DDR-SEGMENTATION/train/label/HE/20170517171512703.tif,DDR-SEGMENTATION/train/label/MA/20170517171512703.tif,DDR-SEGMENTATION/train/label/SE/20170517171512703.tif,
DDR,train,DDR-SEGMENTATION/train/image/007-4038-200.jpg,DDR-SEGMENTATION/train/label/EX/007-4038-200.tif,DDR-SEGMENTATION/train/label/HE/007-4038-200.tif,DDR-SEGMENTATION/train/label/MA/007-4038-200.tif,DDR-SEGMENTATION/train/label/SE/007-4038-200.tif,
DDR,train,DDR-SEGMENTATION/train/image/007-2326-100.jpg,DDR-SEGMENTATION/train/label/EX/007-2326-100.tif,DDR-SEGMENTATION/train/label/HE/007-2326-100.tif,DDR-SEGMENTATION/train/label/MA/007-2326-100.tif,DDR-SEGMENTATION/train/label/SE/007-2326-100.tif,
DDR,train,DDR-SEGMENTATION/valid/image/20170629163635747.jpg,DDR-SEGMENTATION/valid/label/EX/20170629163635747.tif,DDR-SEGMENTATION/valid/label/HE/20170629163635747.tif,DDR-SEGMENTATION/valid/label/MA/20170629163635747.tif,DDR-SEGMENTATION/valid/label/SE/20170629163635747.tif,
DDR,train,DDR-SEGMENTATION/train/image/007-4224-200.jpg,DDR-SEGMENTATION/train/label/EX/007-4224-200.tif,DDR-SEGMENTATION/train/label/HE/007-4224-200.tif,DDR-SEGMENTATION/train/label/MA/007-4224-200.tif,DDR-SEGMENTATION/train/label/SE/007-4224-200.tif,
DDR,train,DDR-SEGMENTATION/valid/image/007-5883-300.jpg,DDR-SEGMENTATION/valid/label/EX/007-5883-300.tif,DDR-SEGMENTATION/valid/label/HE/007-5883-300.tif,DDR-SEGMENTATION/valid/label/MA/007-5883-300.tif,DDR-SEGMENTATION/valid/label/SE/007-5883-300.tif,
DDR,train,DDR-SEGMENTATION/train/image/007-4568-200.jpg,DDR-SEGMENTATION/train/label/EX/007-4568-200.tif,DDR-SEGMENTATION/train/label/HE/007-4568-200.tif,DDR-SEGMENTATION/train/label/MA/007-4568-200.tif,DDR-SEGMENTATION/train/label/SE/007-4568-200.tif,
DDR,train,DDR-SEGMENTATION/train/image/007-3485-200.jpg,DDR-SEGMENTATION/train/label/EX/007-3485-200.tif,DDR-SEGMENTATION/train/label/HE/007-3485-200.tif,DDR-SEGMENTATION/train/label/MA/007-3485-200.tif,DDR-SEGMENTATION/train/label/SE/007-3485-200.tif,
DDR,train,DDR-SEGMENTATION/valid/image/007-7176-400.jpg,DDR-SEGMENTATION/valid/label/EX/007-7176-400.tif,DDR-SEGMENTATION/valid/label/HE/007-7176-400.tif,DDR-SEGMENTATION/valid/label/MA/007-7176-400.tif,DDR-SEGMENTATION/valid/label/SE/007-7176-400.tif,
DDR,train,DDR-SEGMENTATION/train/image/007-3445-200.jpg,DDR-SEGMENTATION/train/label/EX/007-3445-200.tif,DDR-SEGMENTATION/train/label/HE/007-3445-200.tif,DDR-SEGMENTATION/train/label/MA/007-3445-200.tif,DDR-SEGMENTATION/train/label/SE/007-3445-200.tif,
DDR,train,DDR-SEGMENTATION/train/image/007-2769-100.jpg,DDR-SEGMENTATION/train/label/EX/007-2769-100.tif,DDR-SEGMENTATION/train/label/HE/007-2769-100.tif,DDR-SEGMENTATION/train/label/MA/007-2769-100.tif,DDR-SEGMENTATION/train/label/SE/007-2769-100.tif,
DDR,train,DDR-SEGMENTATION/train/image/007-2067-100.jpg,DDR-SEGMENTATION/train/label/EX/007-2067-100.tif,DDR-SEGMENTATION/train/label/HE/007-2067-100.tif,DDR-SEGMENTATION/train/label/MA/007-2067-100.tif,DDR-SEGMENTATION/train/label/SE/007-2067-100.tif,
DDR,train,DDR-SEGMENTATION/train/image/007-4585-200.jpg,DDR-SEGMENTATION/train/label/EX/007-4585-200.tif,DDR-SEGMENTATION/train/label/HE/007-4585-200.tif,DDR-SEGMENTATION/train/label/MA/007-4585-200.tif,DDR-SEGMENTATION/train/label/SE/007-4585-200.tif,
DDR,train,DDR-SEGMENTATION/train/image/007-5530-300.jpg,DDR-SEGMENTATION/train/label/EX/007-5530-300.tif,DDR-SEGMENTATION/train/label/HE/007-5530-300.tif,DDR-SEGMENTATION/train/label/MA/007-5530-300.tif,DDR-SEGMENTATION/train/label/SE/007-5530-300.tif,
DDR,train,DDR-SEGMENTATION/train/image/007-3553-200.jpg,DDR-SEGMENTATION/train/label/EX/007-3553-200.tif,DDR-SEGMENTATION/train/label/HE/007-3553-200.tif,DDR-SEGMENTATION/train/label/MA/007-3553-200.tif,DDR-SEGMENTATION/train/label/SE/007-3553-200.tif,
DDR,train,DDR-SEGMENTATION/train/image/007-2297-100.jpg,DDR-SEGMENTATION/train/label/EX/007-2297-100.tif,DDR-SEGMENTATION/train/label/HE/007-2297-100.tif,DDR-SEGMENTATION/train/label/MA/007-2297-100.tif,DDR-SEGMENTATION/train/label/SE/007-2297-100.tif,
DDR,train,DDR-SEGMENTATION/train/image/007-2079-100.jpg,DDR-SEGMENTATION/train/label/EX/007-2079-100.tif,DDR-SEGMENTATION/train/label/HE/007-2079-100.tif,DDR-SEGMENTATION/train/label/MA/007-2079-100.tif,DDR-SEGMENTATION/train/label/SE/007-2079-100.tif,
DDR,train,DDR-SEGMENTATION/train/image/007-3416-200.jpg,DDR-SEGMENTATION/train/label/EX/007-3416-200.tif,DDR-SEGMENTATION/train/label/HE/007-3416-200.tif,DDR-SEGMENTATION/train/label/MA/007-3416-200.tif,DDR-SEGMENTATION/train/label/SE/007-3416-200.tif,
DDR,train,DDR-SEGMENTATION/train/image/007-2365-100.jpg,DDR-SEGMENTATION/train/label/EX/007-2365-100.tif,DDR-SEGMENTATION/train/label/HE/007-2365-100.tif,DDR-SEGMENTATION/train/label/MA/007-2365-100.tif,DDR-SEGMENTATION/train/label/SE/007-2365-100.tif,
DDR,train,DDR-SEGMENTATION/valid/image/007-5797-300.jpg,DDR-SEGMENTATION/valid/label/EX/007-5797-300.tif,DDR-SEGMENTATION/valid/label/HE/007-5797-300.tif,DDR-SEGMENTATION/valid/label/MA/007-5797-300.tif,DDR-SEGMENTATION/valid/label/SE/007-5797-300.tif,
DDR,train,DDR-SEGMENTATION/train/image/007-3571-200.jpg,DDR-SEGMENTATION/train/label/EX/007-3571-200.tif,DDR-SEGMENTATION/train/label/HE/007-3571-200.tif,DDR-SEGMENTATION/train/label/MA/007-3571-200.tif,DDR-SEGMENTATION/train/label/SE/007-3571-200.tif,
DDR,train,DDR-SEGMENTATION/valid/image/007-3040-100.jpg,DDR-SEGMENTATION/valid/label/EX/007-3040-100.tif,DDR-SEGMENTATION/valid/label/HE/007-3040-100.tif,DDR-SEGMENTATION/valid/label/MA/007-3040-100.tif,DDR-SEGMENTATION/valid/label/SE/007-3040-100.tif,
DDR,train,DDR-SEGMENTATION/train/image/007-2155-100.jpg,DDR-SEGMENTATION/train/label/EX/007-2155-100.tif,DDR-SEGMENTATION/train/label/HE/007-2155-100.tif,DDR-SEGMENTATION/train/label/MA/007-2155-100.tif,DDR-SEGMENTATION/train/label/SE/007-2155-100.tif,
DDR,train,DDR-SEGMENTATION/train/image/007-4319-200.jpg,DDR-SEGMENTATION/train/label/EX/007-4319-200.tif,DDR-SEGMENTATION/train/label/HE/007-4319-200.tif,DDR-SEGMENTATION/train/label/MA/007-4319-200.tif,DDR-SEGMENTATION/train/label/SE/007-4319-200.tif,
DDR,train,DDR-SEGMENTATION/valid/image/20170505100939670.jpg,DDR-SEGMENTATION/valid/label/EX/20170505100939670.tif,DDR-SEGMENTATION/valid/label/HE/20170505100939670.tif,DDR-SEGMENTATION/valid/label/MA/20170505100939670.tif,DDR-SEGMENTATION/valid/label/SE/20170505100939670.tif,
DDR,train,DDR-SEGMENTATION/valid/image/20170502000228274.jpg,DDR-SEGMENTATION/valid/label/EX/20170502000228274.tif,DDR-SEGMENTATION/valid/label/HE/20170502000228274.tif,DDR-SEGMENTATION/valid/label/MA/20170502000228274.tif,DDR-SEGMENTATION/valid/label/SE/20170502000228274.tif,
DDR,train,DDR-SEGMENTATION/valid/image/007-5882-300.jpg,DDR-SEGMENTATION/valid/label/EX/007-5882-300.tif,DDR-SEGMENTATION/valid/label/HE/007-5882-300.tif,DDR-SEGMENTATION/valid/label/MA/007-5882-300.tif,DDR-SEGMENTATION/valid/label/SE/007-5882-300.tif,
DDR,train,DDR-SEGMENTATION/valid/image/007-5851-300.jpg,DDR-SEGMENTATION/valid/label/EX/007-5851-300.tif,DDR-SEGMENTATION/valid/label/HE/007-5851-300.tif,DDR-SEGMENTATION/valid/label/MA/007-5851-300.tif,DDR-SEGMENTATION/valid/label/SE/007-5851-300.tif,
DDR,train,DDR-SEGMENTATION/valid/image/007-2846-100.jpg,DDR-SEGMENTATION/valid/label/EX/007-2846-100.tif,DDR-SEGMENTATION/valid/label/HE/007-2846-100.tif,DDR-SEGMENTATION/valid/label/MA/007-2846-100.tif,DDR-SEGMENTATION/valid/label/SE/007-2846-100.tif,
DDR,train,DDR-SEGMENTATION/train/image/007-2378-100.jpg,DDR-SEGMENTATION/train/label/EX/007-2378-100.tif,DDR-SEGMENTATION/train/label/HE/007-2378-100.tif,DDR-SEGMENTATION/train/label/MA/007-2378-100.tif,DDR-SEGMENTATION/train/label/SE/007-2378-100.tif,
DDR,train,DDR-SEGMENTATION/valid/image/007-2983-100.jpg,DDR-SEGMENTATION/valid/label/EX/007-2983-100.tif,DDR-SEGMENTATION/valid/label/HE/007-2983-100.tif,DDR-SEGMENTATION/valid/label/MA/007-2983-100.tif,DDR-SEGMENTATION/valid/label/SE/007-2983-100.tif,
DDR,train,DDR-SEGMENTATION/train/image/007-1909-100.jpg,DDR-SEGMENTATION/train/label/EX/007-1909-100.tif,DDR-SEGMENTATION/train/label/HE/007-1909-100.tif,DDR-SEGMENTATION/train/label/MA/007-1909-100.tif,DDR-SEGMENTATION/train/label/SE/007-1909-100.tif,
DDR,train,DDR-SEGMENTATION/train/image/007-2343-100.jpg,DDR-SEGMENTATION/train/label/EX/007-2343-100.tif,DDR-SEGMENTATION/train/label/HE/007-2343-100.tif,DDR-SEGMENTATION/train/label/MA/007-2343-100.tif,DDR-SEGMENTATION/train/label/SE/007-2343-100.tif,
DDR,train,DDR-SEGMENTATION/valid/image/20170503090730862.jpg,DDR-SEGMENTATION/valid/label/EX/20170503090730862.tif,DDR-SEGMENTATION/valid/label/HE/20170503090730862.tif,DDR-SEGMENTATION/valid/label/MA/20170503090730862.tif,DDR-SEGMENTATION/valid/label/SE/20170503090730862.tif,
DDR,train,DDR-SEGMENTATION/train/image/007-2763-100.jpg,DDR-SEGMENTATION/train/label/EX/007-2763-100.tif,DDR-SEGMENTATION/train/label/HE/007-2763-100.tif,DDR-SEGMENTATION/train/label/MA/007-2763-100.tif,DDR-SEGMENTATION/train/label/SE/007-2763-100.tif,
DDR,train,DDR-SEGMENTATION/train/image/007-2401-100.jpg,DDR-SEGMENTATION/train/label/EX/007-2401-100.tif,DDR-SEGMENTATION/train/label/HE/007-2401-100.tif,DDR-SEGMENTATION/train/label/MA/007-2401-100.tif,DDR-SEGMENTATION/train/label/SE/007-2401-100.tif,
DDR,train,DDR-SEGMENTATION/train/image/007-5285-300.jpg,DDR-SEGMENTATION/train/label/EX/007-5285-300.tif,DDR-SEGMENTATION/train/label/HE/007-5285-300.tif,DDR-SEGMENTATION/train/label/MA/007-5285-300.tif,DDR-SEGMENTATION/train/label/SE/007-5285-300.tif,
DDR,train,DDR-SEGMENTATION/train/image/007-4571-200.jpg,DDR-SEGMENTATION/train/label/EX/007-4571-200.tif,DDR-SEGMENTATION/train/label/HE/007-4571-200.tif,DDR-SEGMENTATION/train/label/MA/007-4571-200.tif,DDR-SEGMENTATION/train/label/SE/007-4571-200.tif,
DDR,train,DDR-SEGMENTATION/train/image/007-2574-100.jpg,DDR-SEGMENTATION/train/label/EX/007-2574-100.tif,DDR-SEGMENTATION/train/label/HE/007-2574-100.tif,DDR-SEGMENTATION/train/label/MA/007-2574-100.tif,DDR-SEGMENTATION/train/label/SE/007-2574-100.tif,
DDR,train,DDR-SEGMENTATION/train/image/007-2788-100.jpg,DDR-SEGMENTATION/train/label/EX/007-2788-100.tif,DDR-SEGMENTATION/train/label/HE/007-2788-100.tif,DDR-SEGMENTATION/train/label/MA/007-2788-100.tif,DDR-SEGMENTATION/train/label/SE/007-2788-100.tif,
DDR,train,DDR-SEGMENTATION/train/image/007-4107-200.jpg,DDR-SEGMENTATION/train/label/EX/007-4107-200.tif,DDR-SEGMENTATION/train/label/HE/007-4107-200.tif,DDR-SEGMENTATION/train/label/MA/007-4107-200.tif,DDR-SEGMENTATION/train/label/SE/007-4107-200.tif,
DDR,train,DDR-SEGMENTATION/train/image/007-2127-100.jpg,DDR-SEGMENTATION/train/label/EX/007-2127-100.tif,DDR-SEGMENTATION/train/label/HE/007-2127-100.tif,DDR-SEGMENTATION/train/label/MA/007-2127-100.tif,DDR-SEGMENTATION/train/label/SE/007-2127-100.tif,
DDR,train,DDR-SEGMENTATION/train/image/007-1782-100.jpg,DDR-SEGMENTATION/train/label/EX/007-1782-100.tif,DDR-SEGMENTATION/train/label/HE/007-1782-100.tif,DDR-SEGMENTATION/train/label/MA/007-1782-100.tif,DDR-SEGMENTATION/train/label/SE/007-1782-100.tif,
DDR,train,DDR-SEGMENTATION/valid/image/20170502160732595.jpg,DDR-SEGMENTATION/valid/label/EX/20170502160732595.tif,DDR-SEGMENTATION/valid/label/HE/20170502160732595.tif,DDR-SEGMENTATION/valid/label/MA/20170502160732595.tif,DDR-SEGMENTATION/valid/label/SE/20170502160732595.tif,
DDR,train,DDR-SEGMENTATION/train/image/007-6590-400.jpg,DDR-SEGMENTATION/train/label/EX/007-6590-400.tif,DDR-SEGMENTATION/train/label/HE/007-6590-400.tif,DDR-SEGMENTATION/train/label/MA/007-6590-400.tif,DDR-SEGMENTATION/train/label/SE/007-6590-400.tif,
DDR,train,DDR-SEGMENTATION/train/image/007-4761-200.jpg,DDR-SEGMENTATION/train/label/EX/007-4761-200.tif,DDR-SEGMENTATION/train/label/HE/007-4761-200.tif,DDR-SEGMENTATION/train/label/MA/007-4761-200.tif,DDR-SEGMENTATION/train/label/SE/007-4761-200.tif,
DDR,train,DDR-SEGMENTATION/valid/image/007-5803-300.jpg,DDR-SEGMENTATION/valid/label/EX/007-5803-300.tif,DDR-SEGMENTATION/valid/label/HE/007-5803-300.tif,DDR-SEGMENTATION/valid/label/MA/007-5803-300.tif,DDR-SEGMENTATION/valid/label/SE/007-5803-300.tif,
DDR,train,DDR-SEGMENTATION/train/image/007-1894-100.jpg,DDR-SEGMENTATION/train/label/EX/007-1894-100.tif,DDR-SEGMENTATION/train/label/HE/007-1894-100.tif,DDR-SEGMENTATION/train/label/MA/007-1894-100.tif,DDR-SEGMENTATION/train/label/SE/007-1894-100.tif,
DDR,train,DDR-SEGMENTATION/valid/image/007-7019-400.jpg,DDR-SEGMENTATION/valid/label/EX/007-7019-400.tif,DDR-SEGMENTATION/valid/label/HE/007-7019-400.tif,DDR-SEGMENTATION/valid/label/MA/007-7019-400.tif,DDR-SEGMENTATION/valid/label/SE/007-7019-400.tif,
DDR,train,DDR-SEGMENTATION/valid/image/007-6236-300.jpg,DDR-SEGMENTATION/valid/label/EX/007-6236-300.tif,DDR-SEGMENTATION/valid/label/HE/007-6236-300.tif,DDR-SEGMENTATION/valid/label/MA/007-6236-300.tif,DDR-SEGMENTATION/valid/label/SE/007-6236-300.tif,
DDR,train,DDR-SEGMENTATION/valid/image/007-7025-400.jpg,DDR-SEGMENTATION/valid/label/EX/007-7025-400.tif,DDR-SEGMENTATION/valid/label/HE/007-7025-400.tif,DDR-SEGMENTATION/valid/label/MA/007-7025-400.tif,DDR-SEGMENTATION/valid/label/SE/007-7025-400.tif,
DDR,train,DDR-SEGMENTATION/valid/image/007-7023-400.jpg,DDR-SEGMENTATION/valid/label/EX/007-7023-400.tif,DDR-SEGMENTATION/valid/label/HE/007-7023-400.tif,DDR-SEGMENTATION/valid/label/MA/007-7023-400.tif,DDR-SEGMENTATION/valid/label/SE/007-7023-400.tif,
DDR,train,DDR-SEGMENTATION/valid/image/20170524181209695.jpg,DDR-SEGMENTATION/valid/label/EX/20170524181209695.tif,DDR-SEGMENTATION/valid/label/HE/20170524181209695.tif,DDR-SEGMENTATION/valid/label/MA/20170524181209695.tif,DDR-SEGMENTATION/valid/label/SE/20170524181209695.tif,
DDR,train,DDR-SEGMENTATION/train/image/007-1829-100.jpg,DDR-SEGMENTATION/train/label/EX/007-1829-100.tif,DDR-SEGMENTATION/train/label/HE/007-1829-100.tif,DDR-SEGMENTATION/train/label/MA/007-1829-100.tif,DDR-SEGMENTATION/train/label/SE/007-1829-100.tif,
DDR,train,DDR-SEGMENTATION/valid/image/007-5937-300.jpg,DDR-SEGMENTATION/valid/label/EX/007-5937-300.tif,DDR-SEGMENTATION/valid/label/HE/007-5937-300.tif,DDR-SEGMENTATION/valid/label/MA/007-5937-300.tif,DDR-SEGMENTATION/valid/label/SE/007-5937-300.tif,
DDR,train,DDR-SEGMENTATION/train/image/007-3987-200.jpg,DDR-SEGMENTATION/train/label/EX/007-3987-200.tif,DDR-SEGMENTATION/train/label/HE/007-3987-200.tif,DDR-SEGMENTATION/train/label/MA/007-3987-200.tif,DDR-SEGMENTATION/train/label/SE/007-3987-200.tif,
DDR,train,DDR-SEGMENTATION/train/image/007-5617-300.jpg,DDR-SEGMENTATION/train/label/EX/007-5617-300.tif,DDR-SEGMENTATION/train/label/HE/007-5617-300.tif,DDR-SEGMENTATION/train/label/MA/007-5617-300.tif,DDR-SEGMENTATION/train/label/SE/007-5617-300.tif,
DDR,train,DDR-SEGMENTATION/valid/image/20170617103821616.jpg,DDR-SEGMENTATION/valid/label/EX/20170617103821616.tif,DDR-SEGMENTATION/valid/label/HE/20170617103821616.tif,DDR-SEGMENTATION/valid/label/MA/20170617103821616.tif,DDR-SEGMENTATION/valid/label/SE/20170617103821616.tif,
DDR,train,DDR-SEGMENTATION/train/image/007-4465-200.jpg,DDR-SEGMENTATION/train/label/EX/007-4465-200.tif,DDR-SEGMENTATION/train/label/HE/007-4465-200.tif,DDR-SEGMENTATION/train/label/MA/007-4465-200.tif,DDR-SEGMENTATION/train/label/SE/007-4465-200.tif,
DDR,train,DDR-SEGMENTATION/valid/image/007-6166-300.jpg,DDR-SEGMENTATION/valid/label/EX/007-6166-300.tif,DDR-SEGMENTATION/valid/label/HE/007-6166-300.tif,DDR-SEGMENTATION/valid/label/MA/007-6166-300.tif,DDR-SEGMENTATION/valid/label/SE/007-6166-300.tif,
DDR,train,DDR-SEGMENTATION/train/image/007-5079-300.jpg,DDR-SEGMENTATION/train/label/EX/007-5079-300.tif,DDR-SEGMENTATION/train/label/HE/007-5079-300.tif,DDR-SEGMENTATION/train/label/MA/007-5079-300.tif,DDR-SEGMENTATION/train/label/SE/007-5079-300.tif,
DDR,train,DDR-SEGMENTATION/valid/image/007-5846-300.jpg,DDR-SEGMENTATION/valid/label/EX/007-5846-300.tif,DDR-SEGMENTATION/valid/label/HE/007-5846-300.tif,DDR-SEGMENTATION/valid/label/MA/007-5846-300.tif,DDR-SEGMENTATION/valid/label/SE/007-5846-300.tif,
DDR,train,DDR-SEGMENTATION/train/image/007-3430-200.jpg,DDR-SEGMENTATION/train/label/EX/007-3430-200.tif,DDR-SEGMENTATION/train/label/HE/007-3430-200.tif,DDR-SEGMENTATION/train/label/MA/007-3430-200.tif,DDR-SEGMENTATION/train/label/SE/007-3430-200.tif,
DDR,train,DDR-SEGMENTATION/train/image/007-4145-200.jpg,DDR-SEGMENTATION/train/label/EX/007-4145-200.tif,DDR-SEGMENTATION/train/label/HE/007-4145-200.tif,DDR-SEGMENTATION/train/label/MA/007-4145-200.tif,DDR-SEGMENTATION/train/label/SE/007-4145-200.tif,
DDR,train,DDR-SEGMENTATION/valid/image/20170602155248106.jpg,DDR-SEGMENTATION/valid/label/EX/20170602155248106.tif,DDR-SEGMENTATION/valid/label/HE/20170602155248106.tif,DDR-SEGMENTATION/valid/label/MA/20170602155248106.tif,DDR-SEGMENTATION/valid/label/SE/20170602155248106.tif,
DDR,train,DDR-SEGMENTATION/train/image/007-2110-100.jpg,DDR-SEGMENTATION/train/label/EX/007-2110-100.tif,DDR-SEGMENTATION/train/label/HE/007-2110-100.tif,DDR-SEGMENTATION/train/label/MA/007-2110-100.tif,DDR-SEGMENTATION/train/label/SE/007-2110-100.tif,
DDR,train,DDR-SEGMENTATION/train/image/007-2369-100.jpg,DDR-SEGMENTATION/train/label/EX/007-2369-100.tif,DDR-SEGMENTATION/train/label/HE/007-2369-100.tif,DDR-SEGMENTATION/train/label/MA/007-2369-100.tif,DDR-SEGMENTATION/train/label/SE/007-2369-100.tif,
DDR,train,DDR-SEGMENTATION/train/image/007-3784-200.jpg,DDR-SEGMENTATION/train/label/EX/007-3784-200.tif,DDR-SEGMENTATION/train/label/HE/007-3784-200.tif,DDR-SEGMENTATION/train/label/MA/007-3784-200.tif,DDR-SEGMENTATION/train/label/SE/007-3784-200.tif,
DDR,train,DDR-SEGMENTATION/train/image/007-4252-200.jpg,DDR-SEGMENTATION/train/label/EX/007-4252-200.tif,DDR-SEGMENTATION/train/label/HE/007-4252-200.tif,DDR-SEGMENTATION/train/label/MA/007-4252-200.tif,DDR-SEGMENTATION/train/label/SE/007-4252-200.tif,
DDR,train,DDR-SEGMENTATION/train/image/007-4655-200.jpg,DDR-SEGMENTATION/train/label/EX/007-4655-200.tif,DDR-SEGMENTATION/train/label/HE/007-4655-200.tif,DDR-SEGMENTATION/train/label/MA/007-4655-200.tif,DDR-SEGMENTATION/train/label/SE/007-4655-200.tif,
DDR,train,DDR-SEGMENTATION/train/image/007-5269-300.jpg,DDR-SEGMENTATION/train/label/EX/007-5269-300.tif,DDR-SEGMENTATION/train/label/HE/007-5269-300.tif,DDR-SEGMENTATION/train/label/MA/007-5269-300.tif,DDR-SEGMENTATION/train/label/SE/007-5269-300.tif,
DDR,train,DDR-SEGMENTATION/valid/image/007-5854-300.jpg,DDR-SEGMENTATION/valid/label/EX/007-5854-300.tif,DDR-SEGMENTATION/valid/label/HE/007-5854-300.tif,DDR-SEGMENTATION/valid/label/MA/007-5854-300.tif,DDR-SEGMENTATION/valid/label/SE/007-5854-300.tif,
DDR,train,DDR-SEGMENTATION/valid/image/20170615145539585.jpg,DDR-SEGMENTATION/valid/label/EX/20170615145539585.tif,DDR-SEGMENTATION/valid/label/HE/20170615145539585.tif,DDR-SEGMENTATION/valid/label/MA/20170615145539585.tif,DDR-SEGMENTATION/valid/label/SE/20170615145539585.tif,
DDR,train,DDR-SEGMENTATION/train/image/007-5492-300.jpg,DDR-SEGMENTATION/train/label/EX/007-5492-300.tif,DDR-SEGMENTATION/train/label/HE/007-5492-300.tif,DDR-SEGMENTATION/train/label/MA/007-5492-300.tif,DDR-SEGMENTATION/train/label/SE/007-5492-300.tif,
DDR,train,DDR-SEGMENTATION/valid/image/20170511152728021.jpg,DDR-SEGMENTATION/valid/label/EX/20170511152728021.tif,DDR-SEGMENTATION/valid/label/HE/20170511152728021.tif,DDR-SEGMENTATION/valid/label/MA/20170511152728021.tif,DDR-SEGMENTATION/valid/label/SE/20170511152728021.tif,
DDR,train,DDR-SEGMENTATION/train/image/007-3386-200.jpg,DDR-SEGMENTATION/train/label/EX/007-3386-200.tif,DDR-SEGMENTATION/train/label/HE/007-3386-200.tif,DDR-SEGMENTATION/train/label/MA/007-3386-200.tif,DDR-SEGMENTATION/train/label/SE/007-3386-200.tif,
DDR,train,DDR-SEGMENTATION/train/image/007-4220-200.jpg,DDR-SEGMENTATION/train/label/EX/007-4220-200.tif,DDR-SEGMENTATION/train/label/HE/007-4220-200.tif,DDR-SEGMENTATION/train/label/MA/007-4220-200.tif,DDR-SEGMENTATION/train/label/SE/007-4220-200.tif,
DDR,train,DDR-SEGMENTATION/train/image/007-4586-200.jpg,DDR-SEGMENTATION/train/label/EX/007-4586-200.tif,DDR-SEGMENTATION/train/label/HE/007-4586-200.tif,DDR-SEGMENTATION/train/label/MA/007-4586-200.tif,DDR-SEGMENTATION/train/label/SE/007-4586-200.tif,
DDR,train,DDR-SEGMENTATION/train/image/007-6606-400.jpg,DDR-SEGMENTATION/train/label/EX/007-6606-400.tif,DDR-SEGMENTATION/train/label/HE/007-6606-400.tif,DDR-SEGMENTATION/train/label/MA/007-6606-400.tif,DDR-SEGMENTATION/train/label/SE/007-6606-400.tif,
DDR,train,DDR-SEGMENTATION/valid/image/20170605153241003.jpg,DDR-SEGMENTATION/valid/label/EX/20170605153241003.tif,DDR-SEGMENTATION/valid/label/HE/20170605153241003.tif,DDR-SEGMENTATION/valid/label/MA/20170605153241003.tif,DDR-SEGMENTATION/valid/label/SE/20170605153241003.tif,
DDR,train,DDR-SEGMENTATION/train/image/007-5133-300.jpg,DDR-SEGMENTATION/train/label/EX/007-5133-300.tif,DDR-SEGMENTATION/train/label/HE/007-5133-300.tif,DDR-SEGMENTATION/train/label/MA/007-5133-300.tif,DDR-SEGMENTATION/train/label/SE/007-5133-300.tif,
DDR,train,DDR-SEGMENTATION/valid/image/007-6106-300.jpg,DDR-SEGMENTATION/valid/label/EX/007-6106-300.tif,DDR-SEGMENTATION/valid/label/HE/007-6106-300.tif,DDR-SEGMENTATION/valid/label/MA/007-6106-300.tif,DDR-SEGMENTATION/valid/label/SE/007-6106-300.tif,
DDR,train,DDR-SEGMENTATION/train/image/007-3551-200.jpg,DDR-SEGMENTATION/train/label/EX/007-3551-200.tif,DDR-SEGMENTATION/train/label/HE/007-3551-200.tif,DDR-SEGMENTATION/train/label/MA/007-3551-200.tif,DDR-SEGMENTATION/train/label/SE/007-3551-200.tif,
DDR,train,DDR-SEGMENTATION/train/image/007-5335-300.jpg,DDR-SEGMENTATION/train/label/EX/007-5335-300.tif,DDR-SEGMENTATION/train/label/HE/007-5335-300.tif,DDR-SEGMENTATION/train/label/MA/007-5335-300.tif,DDR-SEGMENTATION/train/label/SE/007-5335-300.tif,
DDR,train,DDR-SEGMENTATION/train/image/007-3444-200.jpg,DDR-SEGMENTATION/train/label/EX/007-3444-200.tif,DDR-SEGMENTATION/train/label/HE/007-3444-200.tif,DDR-SEGMENTATION/train/label/MA/007-3444-200.tif,DDR-SEGMENTATION/train/label/SE/007-3444-200.tif,
DDR,train,DDR-SEGMENTATION/train/image/007-6519-400.jpg,DDR-SEGMENTATION/train/label/EX/007-6519-400.tif,DDR-SEGMENTATION/train/label/HE/007-6519-400.tif,DDR-SEGMENTATION/train/label/MA/007-6519-400.tif,DDR-SEGMENTATION/train/label/SE/007-6519-400.tif,
DDR,train,DDR-SEGMENTATION/train/image/007-4936-300.jpg,DDR-SEGMENTATION/train/label/EX/007-4936-300.tif,DDR-SEGMENTATION/train/label/HE/007-4936-300.tif,DDR-SEGMENTATION/train/label/MA/007-4936-300.tif,DDR-SEGMENTATION/train/label/SE/007-4936-300.tif,
DDR,train,DDR-SEGMENTATION/train/image/007-4282-200.jpg,DDR-SEGMENTATION/train/label/EX/007-4282-200.tif,DDR-SEGMENTATION/train/label/HE/007-4282-200.tif,DDR-SEGMENTATION/train/label/MA/007-4282-200.tif,DDR-SEGMENTATION/train/label/SE/007-4282-200.tif,
DDR,train,DDR-SEGMENTATION/train/image/007-2704-100.jpg,DDR-SEGMENTATION/train/label/EX/007-2704-100.tif,DDR-SEGMENTATION/train/label/HE/007-2704-100.tif,DDR-SEGMENTATION/train/label/MA/007-2704-100.tif,DDR-SEGMENTATION/train/label/SE/007-2704-100.tif,
DDR,train,DDR-SEGMENTATION/train/image/007-6577-400.jpg,DDR-SEGMENTATION/train/label/EX/007-6577-400.tif,DDR-SEGMENTATION/train/label/HE/007-6577-400.tif,DDR-SEGMENTATION/train/label/MA/007-6577-400.tif,DDR-SEGMENTATION/train/label/SE/007-6577-400.tif,
DDR,train,DDR-SEGMENTATION/train/image/007-4566-200.jpg,DDR-SEGMENTATION/train/label/EX/007-4566-200.tif,DDR-SEGMENTATION/train/label/HE/007-4566-200.tif,DDR-SEGMENTATION/train/label/MA/007-4566-200.tif,DDR-SEGMENTATION/train/label/SE/007-4566-200.tif,
DDR,train,DDR-SEGMENTATION/train/image/007-4518-200.jpg,DDR-SEGMENTATION/train/label/EX/007-4518-200.tif,DDR-SEGMENTATION/train/label/HE/007-4518-200.tif,DDR-SEGMENTATION/train/label/MA/007-4518-200.tif,DDR-SEGMENTATION/train/label/SE/007-4518-200.tif,
DDR,train,DDR-SEGMENTATION/valid/image/007-3038-100.jpg,DDR-SEGMENTATION/valid/label/EX/007-3038-100.tif,DDR-SEGMENTATION/valid/label/HE/007-3038-100.tif,DDR-SEGMENTATION/valid/label/MA/007-3038-100.tif,DDR-SEGMENTATION/valid/label/SE/007-3038-100.tif,
DDR,train,DDR-SEGMENTATION/train/image/007-5344-300.jpg,DDR-SEGMENTATION/train/label/EX/007-5344-300.tif,DDR-SEGMENTATION/train/label/HE/007-5344-300.tif,DDR-SEGMENTATION/train/label/MA/007-5344-300.tif,DDR-SEGMENTATION/train/label/SE/007-5344-300.tif,
DDR,train,DDR-SEGMENTATION/valid/image/20170528180525740.jpg,DDR-SEGMENTATION/valid/label/EX/20170528180525740.tif,DDR-SEGMENTATION/valid/label/HE/20170528180525740.tif,DDR-SEGMENTATION/valid/label/MA/20170528180525740.tif,DDR-SEGMENTATION/valid/label/SE/20170528180525740.tif,
DDR,train,DDR-SEGMENTATION/train/image/007-4920-300.jpg,DDR-SEGMENTATION/train/label/EX/007-4920-300.tif,DDR-SEGMENTATION/train/label/HE/007-4920-300.tif,DDR-SEGMENTATION/train/label/MA/007-4920-300.tif,DDR-SEGMENTATION/train/label/SE/007-4920-300.tif,
DDR,train,DDR-SEGMENTATION/train/image/007-5623-300.jpg,DDR-SEGMENTATION/train/label/EX/007-5623-300.tif,DDR-SEGMENTATION/train/label/HE/007-5623-300.tif,DDR-SEGMENTATION/train/label/MA/007-5623-300.tif,DDR-SEGMENTATION/train/label/SE/007-5623-300.tif,
DDR,train,DDR-SEGMENTATION/train/image/007-6361-400.jpg,DDR-SEGMENTATION/train/label/EX/007-6361-400.tif,DDR-SEGMENTATION/train/label/HE/007-6361-400.tif,DDR-SEGMENTATION/train/label/MA/007-6361-400.tif,DDR-SEGMENTATION/train/label/SE/007-6361-400.tif,
DDR,train,DDR-SEGMENTATION/train/image/007-5435-300.jpg,DDR-SEGMENTATION/train/label/EX/007-5435-300.tif,DDR-SEGMENTATION/train/label/HE/007-5435-300.tif,DDR-SEGMENTATION/train/label/MA/007-5435-300.tif,DDR-SEGMENTATION/train/label/SE/007-5435-300.tif,
DDR,train,DDR-SEGMENTATION/train/image/007-3459-200.jpg,DDR-SEGMENTATION/train/label/EX/007-3459-200.tif,DDR-SEGMENTATION/train/label/HE/007-3459-200.tif,DDR-SEGMENTATION/train/label/MA/007-3459-200.tif,DDR-SEGMENTATION/train/label/SE/007-3459-200.tif,
DDR,train,DDR-SEGMENTATION/train/image/007-4090-200.jpg,DDR-SEGMENTATION/train/label/EX/007-4090-200.tif,DDR-SEGMENTATION/train/label/HE/007-4090-200.tif,DDR-SEGMENTATION/train/label/MA/007-4090-200.tif,DDR-SEGMENTATION/train/label/SE/007-4090-200.tif,
DDR,train,DDR-SEGMENTATION/train/image/007-4273-200.jpg,DDR-SEGMENTATION/train/label/EX/007-4273-200.tif,DDR-SEGMENTATION/train/label/HE/007-4273-200.tif,DDR-SEGMENTATION/train/label/MA/007-4273-200.tif,DDR-SEGMENTATION/train/label/SE/007-4273-200.tif,
DDR,train,DDR-SEGMENTATION/train/image/007-2771-100.jpg,DDR-SEGMENTATION/train/label/EX/007-2771-100.tif,DDR-SEGMENTATION/train/label/HE/007-2771-100.tif,DDR-SEGMENTATION/train/label/MA/007-2771-100.tif,DDR-SEGMENTATION/train/label/SE/007-2771-100.tif,
DDR,train,DDR-SEGMENTATION/valid/image/007-6075-300.jpg,DDR-SEGMENTATION/valid/label/EX/007-6075-300.tif,DDR-SEGMENTATION/valid/label/HE/007-6075-300.tif,DDR-SEGMENTATION/valid/label/MA/007-6075-300.tif,DDR-SEGMENTATION/valid/label/SE/007-6075-300.tif,
DDR,train,DDR-SEGMENTATION/train/image/007-3418-200.jpg,DDR-SEGMENTATION/train/label/EX/007-3418-200.tif,DDR-SEGMENTATION/train/label/HE/007-3418-200.tif,DDR-SEGMENTATION/train/label/MA/007-3418-200.tif,DDR-SEGMENTATION/train/label/SE/007-3418-200.tif,
DDR,train,DDR-SEGMENTATION/train/image/007-2394-100.jpg,DDR-SEGMENTATION/train/label/EX/007-2394-100.tif,DDR-SEGMENTATION/train/label/HE/007-2394-100.tif,DDR-SEGMENTATION/train/label/MA/007-2394-100.tif,DDR-SEGMENTATION/train/label/SE/007-2394-100.tif,
DDR,train,DDR-SEGMENTATION/train/image/007-6363-400.jpg,DDR-SEGMENTATION/train/label/EX/007-6363-400.tif,DDR-SEGMENTATION/train/label/HE/007-6363-400.tif,DDR-SEGMENTATION/train/label/MA/007-6363-400.tif,DDR-SEGMENTATION/train/label/SE/007-6363-400.tif,
DDR,train,DDR-SEGMENTATION/valid/image/20170504152654027.jpg,DDR-SEGMENTATION/valid/label/EX/20170504152654027.tif,DDR-SEGMENTATION/valid/label/HE/20170504152654027.tif,DDR-SEGMENTATION/valid/label/MA/20170504152654027.tif,DDR-SEGMENTATION/valid/label/SE/20170504152654027.tif,
DDR,train,DDR-SEGMENTATION/train/image/007-5286-300.jpg,DDR-SEGMENTATION/train/label/EX/007-5286-300.tif,DDR-SEGMENTATION/train/label/HE/007-5286-300.tif,DDR-SEGMENTATION/train/label/MA/007-5286-300.tif,DDR-SEGMENTATION/train/label/SE/007-5286-300.tif,
DDR,train,DDR-SEGMENTATION/train/image/007-2218-100.jpg,DDR-SEGMENTATION/train/label/EX/007-2218-100.tif,DDR-SEGMENTATION/train/label/HE/007-2218-100.tif,DDR-SEGMENTATION/train/label/MA/007-2218-100.tif,DDR-SEGMENTATION/train/label/SE/007-2218-100.tif,
DDR,train,DDR-SEGMENTATION/train/image/007-4285-200.jpg,DDR-SEGMENTATION/train/label/EX/007-4285-200.tif,DDR-SEGMENTATION/train/label/HE/007-4285-200.tif,DDR-SEGMENTATION/train/label/MA/007-4285-200.tif,DDR-SEGMENTATION/train/label/SE/007-4285-200.tif,
DDR,train,DDR-SEGMENTATION/train/image/007-4961-300.jpg,DDR-SEGMENTATION/train/label/EX/007-4961-300.tif,DDR-SEGMENTATION/train/label/HE/007-4961-300.tif,DDR-SEGMENTATION/train/label/MA/007-4961-300.tif,DDR-SEGMENTATION/train/label/SE/007-4961-300.tif,
DDR,train,DDR-SEGMENTATION/train/image/007-5172-300.jpg,DDR-SEGMENTATION/train/label/EX/007-5172-300.tif,DDR-SEGMENTATION/train/label/HE/007-5172-300.tif,DDR-SEGMENTATION/train/label/MA/007-5172-300.tif,DDR-SEGMENTATION/train/label/SE/007-5172-300.tif,
DDR,train,DDR-SEGMENTATION/train/image/007-6722-400.jpg,DDR-SEGMENTATION/train/label/EX/007-6722-400.tif,DDR-SEGMENTATION/train/label/HE/007-6722-400.tif,DDR-SEGMENTATION/train/label/MA/007-6722-400.tif,DDR-SEGMENTATION/train/label/SE/007-6722-400.tif,
DDR,train,DDR-SEGMENTATION/train/image/007-4171-200.jpg,DDR-SEGMENTATION/train/label/EX/007-4171-200.tif,DDR-SEGMENTATION/train/label/HE/007-4171-200.tif,DDR-SEGMENTATION/train/label/MA/007-4171-200.tif,DDR-SEGMENTATION/train/label/SE/007-4171-200.tif,
DDR,train,DDR-SEGMENTATION/valid/image/007-5872-300.jpg,DDR-SEGMENTATION/valid/label/EX/007-5872-300.tif,DDR-SEGMENTATION/valid/label/HE/007-5872-300.tif,DDR-SEGMENTATION/valid/label/MA/007-5872-300.tif,DDR-SEGMENTATION/valid/label/SE/007-5872-300.tif,
DDR,train,DDR-SEGMENTATION/train/image/007-4680-200.jpg,DDR-SEGMENTATION/train/label/EX/007-4680-200.tif,DDR-SEGMENTATION/train/label/HE/007-4680-200.tif,DDR-SEGMENTATION/train/label/MA/007-4680-200.tif,DDR-SEGMENTATION/train/label/SE/007-4680-200.tif,
DDR,train,DDR-SEGMENTATION/train/image/007-3399-200.jpg,DDR-SEGMENTATION/train/label/EX/007-3399-200.tif,DDR-SEGMENTATION/train/label/HE/007-3399-200.tif,DDR-SEGMENTATION/train/label/MA/007-3399-200.tif,DDR-SEGMENTATION/train/label/SE/007-3399-200.tif,
DDR,train,DDR-SEGMENTATION/train/image/007-6676-400.jpg,DDR-SEGMENTATION/train/label/EX/007-6676-400.tif,DDR-SEGMENTATION/train/label/HE/007-6676-400.tif,DDR-SEGMENTATION/train/label/MA/007-6676-400.tif,DDR-SEGMENTATION/train/label/SE/007-6676-400.tif,
DDR,train,DDR-SEGMENTATION/train/image/007-1889-100.jpg,DDR-SEGMENTATION/train/label/EX/007-1889-100.tif,DDR-SEGMENTATION/train/label/HE/007-1889-100.tif,DDR-SEGMENTATION/train/label/MA/007-1889-100.tif,DDR-SEGMENTATION/train/label/SE/007-1889-100.tif,
DDR,train,DDR-SEGMENTATION/valid/image/20170502095044024.jpg,DDR-SEGMENTATION/valid/label/EX/20170502095044024.tif,DDR-SEGMENTATION/valid/label/HE/20170502095044024.tif,DDR-SEGMENTATION/valid/label/MA/20170502095044024.tif,DDR-SEGMENTATION/valid/label/SE/20170502095044024.tif,
DDR,train,DDR-SEGMENTATION/train/image/007-3424-200.jpg,DDR-SEGMENTATION/train/label/EX/007-3424-200.tif,DDR-SEGMENTATION/train/label/HE/007-3424-200.tif,DDR-SEGMENTATION/train/label/MA/007-3424-200.tif,DDR-SEGMENTATION/train/label/SE/007-3424-200.tif,
DDR,train,DDR-SEGMENTATION/train/image/007-2395-100.jpg,DDR-SEGMENTATION/train/label/EX/007-2395-100.tif,DDR-SEGMENTATION/train/label/HE/007-2395-100.tif,DDR-SEGMENTATION/train/label/MA/007-2395-100.tif,DDR-SEGMENTATION/train/label/SE/007-2395-100.tif,
DDR,train,DDR-SEGMENTATION/valid/image/007-5849-300.jpg,DDR-SEGMENTATION/valid/label/EX/007-5849-300.tif,DDR-SEGMENTATION/valid/label/HE/007-5849-300.tif,DDR-SEGMENTATION/valid/label/MA/007-5849-300.tif,DDR-SEGMENTATION/valid/label/SE/007-5849-300.tif,
DDR,train,DDR-SEGMENTATION/valid/image/20170504154837541.jpg,DDR-SEGMENTATION/valid/label/EX/20170504154837541.tif,DDR-SEGMENTATION/valid/label/HE/20170504154837541.tif,DDR-SEGMENTATION/valid/label/MA/20170504154837541.tif,DDR-SEGMENTATION/valid/label/SE/20170504154837541.tif,
DDR,train,DDR-SEGMENTATION/valid/image/007-5832-300.jpg,DDR-SEGMENTATION/valid/label/EX/007-5832-300.tif,DDR-SEGMENTATION/valid/label/HE/007-5832-300.tif,DDR-SEGMENTATION/valid/label/MA/007-5832-300.tif,DDR-SEGMENTATION/valid/label/SE/007-5832-300.tif,
DDR,train,DDR-SEGMENTATION/train/image/007-2335-100.jpg,DDR-SEGMENTATION/train/label/EX/007-2335-100.tif,DDR-SEGMENTATION/train/label/HE/007-2335-100.tif,DDR-SEGMENTATION/train/label/MA/007-2335-100.tif,DDR-SEGMENTATION/train/label/SE/007-2335-100.tif,
DDR,train,DDR-SEGMENTATION/train/image/007-2112-100.jpg,DDR-SEGMENTATION/train/label/EX/007-2112-100.tif,DDR-SEGMENTATION/train/label/HE/007-2112-100.tif,DDR-SEGMENTATION/train/label/MA/007-2112-100.tif,DDR-SEGMENTATION/train/label/SE/007-2112-100.tif,
DDR,train,DDR-SEGMENTATION/train/image/007-2300-100.jpg,DDR-SEGMENTATION/train/label/EX/007-2300-100.tif,DDR-SEGMENTATION/train/label/HE/007-2300-100.tif,DDR-SEGMENTATION/train/label/MA/007-2300-100.tif,DDR-SEGMENTATION/train/label/SE/007-2300-100.tif,
DDR,train,DDR-SEGMENTATION/valid/image/20170602084403248.jpg,DDR-SEGMENTATION/valid/label/EX/20170602084403248.tif,DDR-SEGMENTATION/valid/label/HE/20170602084403248.tif,DDR-SEGMENTATION/valid/label/MA/20170602084403248.tif,DDR-SEGMENTATION/valid/label/SE/20170602084403248.tif,
DDR,train,DDR-SEGMENTATION/train/image/007-4613-200.jpg,DDR-SEGMENTATION/train/label/EX/007-4613-200.tif,DDR-SEGMENTATION/train/label/HE/007-4613-200.tif,DDR-SEGMENTATION/train/label/MA/007-4613-200.tif,DDR-SEGMENTATION/train/label/SE/007-4613-200.tif,
DDR,train,DDR-SEGMENTATION/train/image/007-5087-300.jpg,DDR-SEGMENTATION/train/label/EX/007-5087-300.tif,DDR-SEGMENTATION/train/label/HE/007-5087-300.tif,DDR-SEGMENTATION/train/label/MA/007-5087-300.tif,DDR-SEGMENTATION/train/label/SE/007-5087-300.tif,
DDR,train,DDR-SEGMENTATION/train/image/007-3377-200.jpg,DDR-SEGMENTATION/train/label/EX/007-3377-200.tif,DDR-SEGMENTATION/train/label/HE/007-3377-200.tif,DDR-SEGMENTATION/train/label/MA/007-3377-200.tif,DDR-SEGMENTATION/train/label/SE/007-3377-200.tif,
DDR,train,DDR-SEGMENTATION/train/image/007-2677-100.jpg,DDR-SEGMENTATION/train/label/EX/007-2677-100.tif,DDR-SEGMENTATION/train/label/HE/007-2677-100.tif,DDR-SEGMENTATION/train/label/MA/007-2677-100.tif,DDR-SEGMENTATION/train/label/SE/007-2677-100.tif,
DDR,train,DDR-SEGMENTATION/train/image/007-3463-200.jpg,DDR-SEGMENTATION/train/label/EX/007-3463-200.tif,DDR-SEGMENTATION/train/label/HE/007-3463-200.tif,DDR-SEGMENTATION/train/label/MA/007-3463-200.tif,DDR-SEGMENTATION/train/label/SE/007-3463-200.tif,
DDR,train,DDR-SEGMENTATION/train/image/007-2160-100.jpg,DDR-SEGMENTATION/train/label/EX/007-2160-100.tif,DDR-SEGMENTATION/train/label/HE/007-2160-100.tif,DDR-SEGMENTATION/train/label/MA/007-2160-100.tif,DDR-SEGMENTATION/train/label/SE/007-2160-100.tif,
DDR,train,DDR-SEGMENTATION/valid/image/20170504152732434.jpg,DDR-SEGMENTATION/valid/label/EX/20170504152732434.tif,DDR-SEGMENTATION/valid/label/HE/20170504152732434.tif,DDR-SEGMENTATION/valid/label/MA/20170504152732434.tif,DDR-SEGMENTATION/valid/label/SE/20170504152732434.tif,
DDR,train,DDR-SEGMENTATION/train/image/007-2272-100.jpg,DDR-SEGMENTATION/train/label/EX/007-2272-100.tif,DDR-SEGMENTATION/train/label/HE/007-2272-100.tif,DDR-SEGMENTATION/train/label/MA/007-2272-100.tif,DDR-SEGMENTATION/train/label/SE/007-2272-100.tif,
DDR,train,DDR-SEGMENTATION/train/image/007-3517-200.jpg,DDR-SEGMENTATION/train/label/EX/007-3517-200.tif,DDR-SEGMENTATION/train/label/HE/007-3517-200.tif,DDR-SEGMENTATION/train/label/MA/007-3517-200.tif,DDR-SEGMENTATION/train/label/SE/007-3517-200.tif,
DDR,train,DDR-SEGMENTATION/valid/image/20170502204843387.jpg,DDR-SEGMENTATION/valid/label/EX/20170502204843387.tif,DDR-SEGMENTATION/valid/label/HE/20170502204843387.tif,DDR-SEGMENTATION/valid/label/MA/20170502204843387.tif,DDR-SEGMENTATION/valid/label/SE/20170502204843387.tif,
DDR,train,DDR-SEGMENTATION/train/image/007-6847-400.jpg,DDR-SEGMENTATION/train/label/EX/007-6847-400.tif,DDR-SEGMENTATION/train/label/HE/007-6847-400.tif,DDR-SEGMENTATION/train/label/MA/007-6847-400.tif,DDR-SEGMENTATION/train/label/SE/007-6847-400.tif,
DDR,train,DDR-SEGMENTATION/train/image/007-4347-200.jpg,DDR-SEGMENTATION/train/label/EX/007-4347-200.tif,DDR-SEGMENTATION/train/label/HE/007-4347-200.tif,DDR-SEGMENTATION/train/label/MA/007-4347-200.tif,DDR-SEGMENTATION/train/label/SE/007-4347-200.tif,
DDR,train,DDR-SEGMENTATION/valid/image/007-5960-300.jpg,DDR-SEGMENTATION/valid/label/EX/007-5960-300.tif,DDR-SEGMENTATION/valid/label/HE/007-5960-300.tif,DDR-SEGMENTATION/valid/label/MA/007-5960-300.tif,DDR-SEGMENTATION/valid/label/SE/007-5960-300.tif,
DDR,train,DDR-SEGMENTATION/train/image/007-6674-400.jpg,DDR-SEGMENTATION/train/label/EX/007-6674-400.tif,DDR-SEGMENTATION/train/label/HE/007-6674-400.tif,DDR-SEGMENTATION/train/label/MA/007-6674-400.tif,DDR-SEGMENTATION/train/label/SE/007-6674-400.tif,
DDR,train,DDR-SEGMENTATION/valid/image/007-5985-300.jpg,DDR-SEGMENTATION/valid/label/EX/007-5985-300.tif,DDR-SEGMENTATION/valid/label/HE/007-5985-300.tif,DDR-SEGMENTATION/valid/label/MA/007-5985-300.tif,DDR-SEGMENTATION/valid/label/SE/007-5985-300.tif,
DDR,train,DDR-SEGMENTATION/train/image/007-5892-300.jpg,DDR-SEGMENTATION/train/label/EX/007-5892-300.tif,DDR-SEGMENTATION/train/label/HE/007-5892-300.tif,DDR-SEGMENTATION/train/label/MA/007-5892-300.tif,DDR-SEGMENTATION/train/label/SE/007-5892-300.tif,
DDR,train,DDR-SEGMENTATION/train/image/007-5688-300.jpg,DDR-SEGMENTATION/train/label/EX/007-5688-300.tif,DDR-SEGMENTATION/train/label/HE/007-5688-300.tif,DDR-SEGMENTATION/train/label/MA/007-5688-300.tif,DDR-SEGMENTATION/train/label/SE/007-5688-300.tif,
DDR,train,DDR-SEGMENTATION/train/image/007-3554-200.jpg,DDR-SEGMENTATION/train/label/EX/007-3554-200.tif,DDR-SEGMENTATION/train/label/HE/007-3554-200.tif,DDR-SEGMENTATION/train/label/MA/007-3554-200.tif,DDR-SEGMENTATION/train/label/SE/007-3554-200.tif,
DDR,train,DDR-SEGMENTATION/train/image/007-4741-200.jpg,DDR-SEGMENTATION/train/label/EX/007-4741-200.tif,DDR-SEGMENTATION/train/label/HE/007-4741-200.tif,DDR-SEGMENTATION/train/label/MA/007-4741-200.tif,DDR-SEGMENTATION/train/label/SE/007-4741-200.tif,
DDR,train,DDR-SEGMENTATION/train/image/007-5518-300.jpg,DDR-SEGMENTATION/train/label/EX/007-5518-300.tif,DDR-SEGMENTATION/train/label/HE/007-5518-300.tif,DDR-SEGMENTATION/train/label/MA/007-5518-300.tif,DDR-SEGMENTATION/train/label/SE/007-5518-300.tif,
DDR,train,DDR-SEGMENTATION/train/image/007-3372-200.jpg,DDR-SEGMENTATION/train/label/EX/007-3372-200.tif,DDR-SEGMENTATION/train/label/HE/007-3372-200.tif,DDR-SEGMENTATION/train/label/MA/007-3372-200.tif,DDR-SEGMENTATION/train/label/SE/007-3372-200.tif,
DDR,train,DDR-SEGMENTATION/train/image/007-3503-200.jpg,DDR-SEGMENTATION/train/label/EX/007-3503-200.tif,DDR-SEGMENTATION/train/label/HE/007-3503-200.tif,DDR-SEGMENTATION/train/label/MA/007-3503-200.tif,DDR-SEGMENTATION/train/label/SE/007-3503-200.tif,
DDR,train,DDR-SEGMENTATION/valid/image/20170627170652393.jpg,DDR-SEGMENTATION/valid/label/EX/20170627170652393.tif,DDR-SEGMENTATION/valid/label/HE/20170627170652393.tif,DDR-SEGMENTATION/valid/label/MA/20170627170652393.tif,DDR-SEGMENTATION/valid/label/SE/20170627170652393.tif,
DDR,train,DDR-SEGMENTATION/valid/image/007-7210-400.jpg,DDR-SEGMENTATION/valid/label/EX/007-7210-400.tif,DDR-SEGMENTATION/valid/label/HE/007-7210-400.tif,DDR-SEGMENTATION/valid/label/MA/007-7210-400.tif,DDR-SEGMENTATION/valid/label/SE/007-7210-400.tif,
DDR,train,DDR-SEGMENTATION/train/image/007-5311-300.jpg,DDR-SEGMENTATION/train/label/EX/007-5311-300.tif,DDR-SEGMENTATION/train/label/HE/007-5311-300.tif,DDR-SEGMENTATION/train/label/MA/007-5311-300.tif,DDR-SEGMENTATION/train/label/SE/007-5311-300.tif,
DDR,train,DDR-SEGMENTATION/train/image/007-6562-400.jpg,DDR-SEGMENTATION/train/label/EX/007-6562-400.tif,DDR-SEGMENTATION/train/label/HE/007-6562-400.tif,DDR-SEGMENTATION/train/label/MA/007-6562-400.tif,DDR-SEGMENTATION/train/label/SE/007-6562-400.tif,
DDR,train,DDR-SEGMENTATION/train/image/007-6551-400.jpg,DDR-SEGMENTATION/train/label/EX/007-6551-400.tif,DDR-SEGMENTATION/train/label/HE/007-6551-400.tif,DDR-SEGMENTATION/train/label/MA/007-6551-400.tif,DDR-SEGMENTATION/train/label/SE/007-6551-400.tif,
DDR,train,DDR-SEGMENTATION/train/image/007-5459-300.jpg,DDR-SEGMENTATION/train/label/EX/007-5459-300.tif,DDR-SEGMENTATION/train/label/HE/007-5459-300.tif,DDR-SEGMENTATION/train/label/MA/007-5459-300.tif,DDR-SEGMENTATION/train/label/SE/007-5459-300.tif,
DDR,train,DDR-SEGMENTATION/train/image/007-2125-100.jpg,DDR-SEGMENTATION/train/label/EX/007-2125-100.tif,DDR-SEGMENTATION/train/label/HE/007-2125-100.tif,DDR-SEGMENTATION/train/label/MA/007-2125-100.tif,DDR-SEGMENTATION/train/label/SE/007-2125-100.tif,
DDR,train,DDR-SEGMENTATION/valid/image/20170521095717085.jpg,DDR-SEGMENTATION/valid/label/EX/20170521095717085.tif,DDR-SEGMENTATION/valid/label/HE/20170521095717085.tif,DDR-SEGMENTATION/valid/label/MA/20170521095717085.tif,DDR-SEGMENTATION/valid/label/SE/20170521095717085.tif,
DDR,train,DDR-SEGMENTATION/train/image/007-3669-200.jpg,DDR-SEGMENTATION/train/label/EX/007-3669-200.tif,DDR-SEGMENTATION/train/label/HE/007-3669-200.tif,DDR-SEGMENTATION/train/label/MA/007-3669-200.tif,DDR-SEGMENTATION/train/label/SE/007-3669-200.tif,
DDR,train,DDR-SEGMENTATION/train/image/007-4894-300.jpg,DDR-SEGMENTATION/train/label/EX/007-4894-300.tif,DDR-SEGMENTATION/train/label/HE/007-4894-300.tif,DDR-SEGMENTATION/train/label/MA/007-4894-300.tif,DDR-SEGMENTATION/train/label/SE/007-4894-300.tif,
DDR,train,DDR-SEGMENTATION/train/image/007-3375-200.jpg,DDR-SEGMENTATION/train/label/EX/007-3375-200.tif,DDR-SEGMENTATION/train/label/HE/007-3375-200.tif,DDR-SEGMENTATION/train/label/MA/007-3375-200.tif,DDR-SEGMENTATION/train/label/SE/007-3375-200.tif,
DDR,train,DDR-SEGMENTATION/train/image/007-4952-300.jpg,DDR-SEGMENTATION/train/label/EX/007-4952-300.tif,DDR-SEGMENTATION/train/label/HE/007-4952-300.tif,DDR-SEGMENTATION/train/label/MA/007-4952-300.tif,DDR-SEGMENTATION/train/label/SE/007-4952-300.tif,
DDR,train,DDR-SEGMENTATION/train/image/007-3380-200.jpg,DDR-SEGMENTATION/train/label/EX/007-3380-200.tif,DDR-SEGMENTATION/train/label/HE/007-3380-200.tif,DDR-SEGMENTATION/train/label/MA/007-3380-200.tif,DDR-SEGMENTATION/train/label/SE/007-3380-200.tif,
DDR,train,DDR-SEGMENTATION/train/image/007-3928-200.jpg,DDR-SEGMENTATION/train/label/EX/007-3928-200.tif,DDR-SEGMENTATION/train/label/HE/007-3928-200.tif,DDR-SEGMENTATION/train/label/MA/007-3928-200.tif,DDR-SEGMENTATION/train/label/SE/007-3928-200.tif,
DDR,train,DDR-SEGMENTATION/train/image/007-4769-200.jpg,DDR-SEGMENTATION/train/label/EX/007-4769-200.tif,DDR-SEGMENTATION/train/label/HE/007-4769-200.tif,DDR-SEGMENTATION/train/label/MA/007-4769-200.tif,DDR-SEGMENTATION/train/label/SE/007-4769-200.tif,
DDR,train,DDR-SEGMENTATION/valid/image/20170609154552424.jpg,DDR-SEGMENTATION/valid/label/EX/20170609154552424.tif,DDR-SEGMENTATION/valid/label/HE/20170609154552424.tif,DDR-SEGMENTATION/valid/label/MA/20170609154552424.tif,DDR-SEGMENTATION/valid/label/SE/20170609154552424.tif,
DDR,train,DDR-SEGMENTATION/train/image/007-2580-100.jpg,DDR-SEGMENTATION/train/label/EX/007-2580-100.tif,DDR-SEGMENTATION/train/label/HE/007-2580-100.tif,DDR-SEGMENTATION/train/label/MA/007-2580-100.tif,DDR-SEGMENTATION/train/label/SE/007-2580-100.tif,
DDR,train,DDR-SEGMENTATION/train/image/007-5728-300.jpg,DDR-SEGMENTATION/train/label/EX/007-5728-300.tif,DDR-SEGMENTATION/train/label/HE/007-5728-300.tif,DDR-SEGMENTATION/train/label/MA/007-5728-300.tif,DDR-SEGMENTATION/train/label/SE/007-5728-300.tif,
DDR,train,DDR-SEGMENTATION/valid/image/20170615104926501.jpg,DDR-SEGMENTATION/valid/label/EX/20170615104926501.tif,DDR-SEGMENTATION/valid/label/HE/20170615104926501.tif,DDR-SEGMENTATION/valid/label/MA/20170615104926501.tif,DDR-SEGMENTATION/valid/label/SE/20170615104926501.tif,
DDR,train,DDR-SEGMENTATION/train/image/007-3541-200.jpg,DDR-SEGMENTATION/train/label/EX/007-3541-200.tif,DDR-SEGMENTATION/train/label/HE/007-3541-200.tif,DDR-SEGMENTATION/train/label/MA/007-3541-200.tif,DDR-SEGMENTATION/train/label/SE/007-3541-200.tif,
DDR,train,DDR-SEGMENTATION/train/image/007-3457-200.jpg,DDR-SEGMENTATION/train/label/EX/007-3457-200.tif,DDR-SEGMENTATION/train/label/HE/007-3457-200.tif,DDR-SEGMENTATION/train/label/MA/007-3457-200.tif,DDR-SEGMENTATION/train/label/SE/007-3457-200.tif,
DDR,train,DDR-SEGMENTATION/train/image/007-2383-100.jpg,DDR-SEGMENTATION/train/label/EX/007-2383-100.tif,DDR-SEGMENTATION/train/label/HE/007-2383-100.tif,DDR-SEGMENTATION/train/label/MA/007-2383-100.tif,DDR-SEGMENTATION/train/label/SE/007-2383-100.tif,
DDR,train,DDR-SEGMENTATION/valid/image/007-6260-300.jpg,DDR-SEGMENTATION/valid/label/EX/007-6260-300.tif,DDR-SEGMENTATION/valid/label/HE/007-6260-300.tif,DDR-SEGMENTATION/valid/label/MA/007-6260-300.tif,DDR-SEGMENTATION/valid/label/SE/007-6260-300.tif,
DDR,train,DDR-SEGMENTATION/valid/image/007-6262-300.jpg,DDR-SEGMENTATION/valid/label/EX/007-6262-300.tif,DDR-SEGMENTATION/valid/label/HE/007-6262-300.tif,DDR-SEGMENTATION/valid/label/MA/007-6262-300.tif,DDR-SEGMENTATION/valid/label/SE/007-6262-300.tif,
DDR,train,DDR-SEGMENTATION/train/image/007-2607-100.jpg,DDR-SEGMENTATION/train/label/EX/007-2607-100.tif,DDR-SEGMENTATION/train/label/HE/007-2607-100.tif,DDR-SEGMENTATION/train/label/MA/007-2607-100.tif,DDR-SEGMENTATION/train/label/SE/007-2607-100.tif,
DDR,train,DDR-SEGMENTATION/valid/image/007-6107-300.jpg,DDR-SEGMENTATION/valid/label/EX/007-6107-300.tif,DDR-SEGMENTATION/valid/label/HE/007-6107-300.tif,DDR-SEGMENTATION/valid/label/MA/007-6107-300.tif,DDR-SEGMENTATION/valid/label/SE/007-6107-300.tif,
DDR,train,DDR-SEGMENTATION/train/image/007-3933-200.jpg,DDR-SEGMENTATION/train/label/EX/007-3933-200.tif,DDR-SEGMENTATION/train/label/HE/007-3933-200.tif,DDR-SEGMENTATION/train/label/MA/007-3933-200.tif,DDR-SEGMENTATION/train/label/SE/007-3933-200.tif,
DDR,train,DDR-SEGMENTATION/train/image/007-2397-100.jpg,DDR-SEGMENTATION/train/label/EX/007-2397-100.tif,DDR-SEGMENTATION/train/label/HE/007-2397-100.tif,DDR-SEGMENTATION/train/label/MA/007-2397-100.tif,DDR-SEGMENTATION/train/label/SE/007-2397-100.tif,
DDR,train,DDR-SEGMENTATION/train/image/007-1977-100.jpg,DDR-SEGMENTATION/train/label/EX/007-1977-100.tif,DDR-SEGMENTATION/train/label/HE/007-1977-100.tif,DDR-SEGMENTATION/train/label/MA/007-1977-100.tif,DDR-SEGMENTATION/train/label/SE/007-1977-100.tif,
DDR,train,DDR-SEGMENTATION/valid/image/20170525111826224.jpg,DDR-SEGMENTATION/valid/label/EX/20170525111826224.tif,DDR-SEGMENTATION/valid/label/HE/20170525111826224.tif,DDR-SEGMENTATION/valid/label/MA/20170525111826224.tif,DDR-SEGMENTATION/valid/label/SE/20170525111826224.tif,
DDR,train,DDR-SEGMENTATION/train/image/007-4160-200.jpg,DDR-SEGMENTATION/train/label/EX/007-4160-200.tif,DDR-SEGMENTATION/train/label/HE/007-4160-200.tif,DDR-SEGMENTATION/train/label/MA/007-4160-200.tif,DDR-SEGMENTATION/train/label/SE/007-4160-200.tif,
DDR,train,DDR-SEGMENTATION/valid/image/007-2848-100.jpg,DDR-SEGMENTATION/valid/label/EX/007-2848-100.tif,DDR-SEGMENTATION/valid/label/HE/007-2848-100.tif,DDR-SEGMENTATION/valid/label/MA/007-2848-100.tif,DDR-SEGMENTATION/valid/label/SE/007-2848-100.tif,
DDR,train,DDR-SEGMENTATION/train/image/007-4895-300.jpg,DDR-SEGMENTATION/train/label/EX/007-4895-300.tif,DDR-SEGMENTATION/train/label/HE/007-4895-300.tif,DDR-SEGMENTATION/train/label/MA/007-4895-300.tif,DDR-SEGMENTATION/train/label/SE/007-4895-300.tif,
DDR,train,DDR-SEGMENTATION/train/image/007-1975-100.jpg,DDR-SEGMENTATION/train/label/EX/007-1975-100.tif,DDR-SEGMENTATION/train/label/HE/007-1975-100.tif,DDR-SEGMENTATION/train/label/MA/007-1975-100.tif,DDR-SEGMENTATION/train/label/SE/007-1975-100.tif,
DDR,train,DDR-SEGMENTATION/train/image/007-4847-300.jpg,DDR-SEGMENTATION/train/label/EX/007-4847-300.tif,DDR-SEGMENTATION/train/label/HE/007-4847-300.tif,DDR-SEGMENTATION/train/label/MA/007-4847-300.tif,DDR-SEGMENTATION/train/label/SE/007-4847-300.tif,
DDR,train,DDR-SEGMENTATION/train/image/007-2151-100.jpg,DDR-SEGMENTATION/train/label/EX/007-2151-100.tif,DDR-SEGMENTATION/train/label/HE/007-2151-100.tif,DDR-SEGMENTATION/train/label/MA/007-2151-100.tif,DDR-SEGMENTATION/train/label/SE/007-2151-100.tif,
DDR,train,DDR-SEGMENTATION/valid/image/007-6008-300.jpg,DDR-SEGMENTATION/valid/label/EX/007-6008-300.tif,DDR-SEGMENTATION/valid/label/HE/007-6008-300.tif,DDR-SEGMENTATION/valid/label/MA/007-6008-300.tif,DDR-SEGMENTATION/valid/label/SE/007-6008-300.tif,
DDR,train,DDR-SEGMENTATION/valid/image/20170521093504075.jpg,DDR-SEGMENTATION/valid/label/EX/20170521093504075.tif,DDR-SEGMENTATION/valid/label/HE/20170521093504075.tif,DDR-SEGMENTATION/valid/label/MA/20170521093504075.tif,DDR-SEGMENTATION/valid/label/SE/20170521093504075.tif,
DDR,train,DDR-SEGMENTATION/train/image/007-5331-300.jpg,DDR-SEGMENTATION/train/label/EX/007-5331-300.tif,DDR-SEGMENTATION/train/label/HE/007-5331-300.tif,DDR-SEGMENTATION/train/label/MA/007-5331-300.tif,DDR-SEGMENTATION/train/label/SE/007-5331-300.tif,
DDR,train,DDR-SEGMENTATION/valid/image/007-3036-100.jpg,DDR-SEGMENTATION/valid/label/EX/007-3036-100.tif,DDR-SEGMENTATION/valid/label/HE/007-3036-100.tif,DDR-SEGMENTATION/valid/label/MA/007-3036-100.tif,DDR-SEGMENTATION/valid/label/SE/007-3036-100.tif,
DDR,train,DDR-SEGMENTATION/train/image/007-4657-200.jpg,DDR-SEGMENTATION/train/label/EX/007-4657-200.tif,DDR-SEGMENTATION/train/label/HE/007-4657-200.tif,DDR-SEGMENTATION/train/label/MA/007-4657-200.tif,DDR-SEGMENTATION/train/label/SE/007-4657-200.tif,
DDR,train,DDR-SEGMENTATION/train/image/007-3420-200.jpg,DDR-SEGMENTATION/train/label/EX/007-3420-200.tif,DDR-SEGMENTATION/train/label/HE/007-3420-200.tif,DDR-SEGMENTATION/train/label/MA/007-3420-200.tif,DDR-SEGMENTATION/train/label/SE/007-3420-200.tif,
DDR,train,DDR-SEGMENTATION/train/image/007-3520-200.jpg,DDR-SEGMENTATION/train/label/EX/007-3520-200.tif,DDR-SEGMENTATION/train/label/HE/007-3520-200.tif,DDR-SEGMENTATION/train/label/MA/007-3520-200.tif,DDR-SEGMENTATION/train/label/SE/007-3520-200.tif,
DDR,train,DDR-SEGMENTATION/train/image/007-3559-200.jpg,DDR-SEGMENTATION/train/label/EX/007-3559-200.tif,DDR-SEGMENTATION/train/label/HE/007-3559-200.tif,DDR-SEGMENTATION/train/label/MA/007-3559-200.tif,DDR-SEGMENTATION/train/label/SE/007-3559-200.tif,
DDR,train,DDR-SEGMENTATION/valid/image/20170602084034474.jpg,DDR-SEGMENTATION/valid/label/EX/20170602084034474.tif,DDR-SEGMENTATION/valid/label/HE/20170602084034474.tif,DDR-SEGMENTATION/valid/label/MA/20170602084034474.tif,DDR-SEGMENTATION/valid/label/SE/20170602084034474.tif,
DDR,train,DDR-SEGMENTATION/valid/image/007-6084-300.jpg,DDR-SEGMENTATION/valid/label/EX/007-6084-300.tif,DDR-SEGMENTATION/valid/label/HE/007-6084-300.tif,DDR-SEGMENTATION/valid/label/MA/007-6084-300.tif,DDR-SEGMENTATION/valid/label/SE/007-6084-300.tif,
DDR,train,DDR-SEGMENTATION/train/image/007-3538-200.jpg,DDR-SEGMENTATION/train/label/EX/007-3538-200.tif,DDR-SEGMENTATION/train/label/HE/007-3538-200.tif,DDR-SEGMENTATION/train/label/MA/007-3538-200.tif,DDR-SEGMENTATION/train/label/SE/007-3538-200.tif,
DDR,train,DDR-SEGMENTATION/train/image/007-2697-100.jpg,DDR-SEGMENTATION/train/label/EX/007-2697-100.tif,DDR-SEGMENTATION/train/label/HE/007-2697-100.tif,DDR-SEGMENTATION/train/label/MA/007-2697-100.tif,DDR-SEGMENTATION/train/label/SE/007-2697-100.tif,
DDR,train,DDR-SEGMENTATION/train/image/007-4105-200.jpg,DDR-SEGMENTATION/train/label/EX/007-4105-200.tif,DDR-SEGMENTATION/train/label/HE/007-4105-200.tif,DDR-SEGMENTATION/train/label/MA/007-4105-200.tif,DDR-SEGMENTATION/train/label/SE/007-4105-200.tif,
DDR,train,DDR-SEGMENTATION/valid/image/007-6121-300.jpg,DDR-SEGMENTATION/valid/label/EX/007-6121-300.tif,DDR-SEGMENTATION/valid/label/HE/007-6121-300.tif,DDR-SEGMENTATION/valid/label/MA/007-6121-300.tif,DDR-SEGMENTATION/valid/label/SE/007-6121-300.tif,
DDR,train,DDR-SEGMENTATION/train/image/007-4687-200.jpg,DDR-SEGMENTATION/train/label/EX/007-4687-200.tif,DDR-SEGMENTATION/train/label/HE/007-4687-200.tif,DDR-SEGMENTATION/train/label/MA/007-4687-200.tif,DDR-SEGMENTATION/train/label/SE/007-4687-200.tif,
DDR,train,DDR-SEGMENTATION/valid/image/20170502160448258.jpg,DDR-SEGMENTATION/valid/label/EX/20170502160448258.tif,DDR-SEGMENTATION/valid/label/HE/20170502160448258.tif,DDR-SEGMENTATION/valid/label/MA/20170502160448258.tif,DDR-SEGMENTATION/valid/label/SE/20170502160448258.tif,
DDR,train,DDR-SEGMENTATION/valid/image/007-5956-300.jpg,DDR-SEGMENTATION/valid/label/EX/007-5956-300.tif,DDR-SEGMENTATION/valid/label/HE/007-5956-300.tif,DDR-SEGMENTATION/valid/label/MA/007-5956-300.tif,DDR-SEGMENTATION/valid/label/SE/007-5956-300.tif,
DDR,train,DDR-SEGMENTATION/valid/image/007-5856-300.jpg,DDR-SEGMENTATION/valid/label/EX/007-5856-300.tif,DDR-SEGMENTATION/valid/label/HE/007-5856-300.tif,DDR-SEGMENTATION/valid/label/MA/007-5856-300.tif,DDR-SEGMENTATION/valid/label/SE/007-5856-300.tif,
DDR,train,DDR-SEGMENTATION/valid/image/007-5944-300.jpg,DDR-SEGMENTATION/valid/label/EX/007-5944-300.tif,DDR-SEGMENTATION/valid/label/HE/007-5944-300.tif,DDR-SEGMENTATION/valid/label/MA/007-5944-300.tif,DDR-SEGMENTATION/valid/label/SE/007-5944-300.tif,
DDR,train,DDR-SEGMENTATION/train/image/007-6160-300.jpg,DDR-SEGMENTATION/train/label/EX/007-6160-300.tif,DDR-SEGMENTATION/train/label/HE/007-6160-300.tif,DDR-SEGMENTATION/train/label/MA/007-6160-300.tif,DDR-SEGMENTATION/train/label/SE/007-6160-300.tif,
DDR,train,DDR-SEGMENTATION/train/image/007-2330-100.jpg,DDR-SEGMENTATION/train/label/EX/007-2330-100.tif,DDR-SEGMENTATION/train/label/HE/007-2330-100.tif,DDR-SEGMENTATION/train/label/MA/007-2330-100.tif,DDR-SEGMENTATION/train/label/SE/007-2330-100.tif,
DDR,train,DDR-SEGMENTATION/train/image/007-2288-100.jpg,DDR-SEGMENTATION/train/label/EX/007-2288-100.tif,DDR-SEGMENTATION/train/label/HE/007-2288-100.tif,DDR-SEGMENTATION/train/label/MA/007-2288-100.tif,DDR-SEGMENTATION/train/label/SE/007-2288-100.tif,
DDR,train,DDR-SEGMENTATION/train/image/007-6093-300.jpg,DDR-SEGMENTATION/train/label/EX/007-6093-300.tif,DDR-SEGMENTATION/train/label/HE/007-6093-300.tif,DDR-SEGMENTATION/train/label/MA/007-6093-300.tif,DDR-SEGMENTATION/train/label/SE/007-6093-300.tif,
DDR,train,DDR-SEGMENTATION/valid/image/007-5938-300.jpg,DDR-SEGMENTATION/valid/label/EX/007-5938-300.tif,DDR-SEGMENTATION/valid/label/HE/007-5938-300.tif,DDR-SEGMENTATION/valid/label/MA/007-5938-300.tif,DDR-SEGMENTATION/valid/label/SE/007-5938-300.tif,
DDR,train,DDR-SEGMENTATION/train/image/007-3336-200.jpg,DDR-SEGMENTATION/train/label/EX/007-3336-200.tif,DDR-SEGMENTATION/train/label/HE/007-3336-200.tif,DDR-SEGMENTATION/train/label/MA/007-3336-200.tif,DDR-SEGMENTATION/train/label/SE/007-3336-200.tif,
DDR,train,DDR-SEGMENTATION/train/image/007-2773-100.jpg,DDR-SEGMENTATION/train/label/EX/007-2773-100.tif,DDR-SEGMENTATION/train/label/HE/007-2773-100.tif,DDR-SEGMENTATION/train/label/MA/007-2773-100.tif,DDR-SEGMENTATION/train/label/SE/007-2773-100.tif,
DDR,train,DDR-SEGMENTATION/train/image/007-2181-100.jpg,DDR-SEGMENTATION/train/label/EX/007-2181-100.tif,DDR-SEGMENTATION/train/label/HE/007-2181-100.tif,DDR-SEGMENTATION/train/label/MA/007-2181-100.tif,DDR-SEGMENTATION/train/label/SE/007-2181-100.tif,
DDR,train,DDR-SEGMENTATION/valid/image/007-5843-300.jpg,DDR-SEGMENTATION/valid/label/EX/007-5843-300.tif,DDR-SEGMENTATION/valid/label/HE/007-5843-300.tif,DDR-SEGMENTATION/valid/label/MA/007-5843-300.tif,DDR-SEGMENTATION/valid/label/SE/007-5843-300.tif,
DDR,train,DDR-SEGMENTATION/train/image/007-4059-200.jpg,DDR-SEGMENTATION/train/label/EX/007-4059-200.tif,DDR-SEGMENTATION/train/label/HE/007-4059-200.tif,DDR-SEGMENTATION/train/label/MA/007-4059-200.tif,DDR-SEGMENTATION/train/label/SE/007-4059-200.tif,
DDR,train,DDR-SEGMENTATION/valid/image/20170521094743135.jpg,DDR-SEGMENTATION/valid/label/EX/20170521094743135.tif,DDR-SEGMENTATION/valid/label/HE/20170521094743135.tif,DDR-SEGMENTATION/valid/label/MA/20170521094743135.tif,DDR-SEGMENTATION/valid/label/SE/20170521094743135.tif,
DDR,train,DDR-SEGMENTATION/train/image/007-4668-200.jpg,DDR-SEGMENTATION/train/label/EX/007-4668-200.tif,DDR-SEGMENTATION/train/label/HE/007-4668-200.tif,DDR-SEGMENTATION/train/label/MA/007-4668-200.tif,DDR-SEGMENTATION/train/label/SE/007-4668-200.tif,
DDR,train,DDR-SEGMENTATION/train/image/007-3427-200.jpg,DDR-SEGMENTATION/train/label/EX/007-3427-200.tif,DDR-SEGMENTATION/train/label/HE/007-3427-200.tif,DDR-SEGMENTATION/train/label/MA/007-3427-200.tif,DDR-SEGMENTATION/train/label/SE/007-3427-200.tif,
DDR,train,DDR-SEGMENTATION/train/image/007-2279-100.jpg,DDR-SEGMENTATION/train/label/EX/007-2279-100.tif,DDR-SEGMENTATION/train/label/HE/007-2279-100.tif,DDR-SEGMENTATION/train/label/MA/007-2279-100.tif,DDR-SEGMENTATION/train/label/SE/007-2279-100.tif,
DDR,train,DDR-SEGMENTATION/valid/image/20170521093537739.jpg,DDR-SEGMENTATION/valid/label/EX/20170521093537739.tif,DDR-SEGMENTATION/valid/label/HE/20170521093537739.tif,DDR-SEGMENTATION/valid/label/MA/20170521093537739.tif,DDR-SEGMENTATION/valid/label/SE/20170521093537739.tif,
DDR,train,DDR-SEGMENTATION/train/image/007-4996-300.jpg,DDR-SEGMENTATION/train/label/EX/007-4996-300.tif,DDR-SEGMENTATION/train/label/HE/007-4996-300.tif,DDR-SEGMENTATION/train/label/MA/007-4996-300.tif,DDR-SEGMENTATION/train/label/SE/007-4996-300.tif,
DDR,train,DDR-SEGMENTATION/train/image/007-2390-100.jpg,DDR-SEGMENTATION/train/label/EX/007-2390-100.tif,DDR-SEGMENTATION/train/label/HE/007-2390-100.tif,DDR-SEGMENTATION/train/label/MA/007-2390-100.tif,DDR-SEGMENTATION/train/label/SE/007-2390-100.tif,
DDR,train,DDR-SEGMENTATION/train/image/007-6612-400.jpg,DDR-SEGMENTATION/train/label/EX/007-6612-400.tif,DDR-SEGMENTATION/train/label/HE/007-6612-400.tif,DDR-SEGMENTATION/train/label/MA/007-6612-400.tif,DDR-SEGMENTATION/train/label/SE/007-6612-400.tif,
DDR,train,DDR-SEGMENTATION/train/image/007-5005-300.jpg,DDR-SEGMENTATION/train/label/EX/007-5005-300.tif,DDR-SEGMENTATION/train/label/HE/007-5005-300.tif,DDR-SEGMENTATION/train/label/MA/007-5005-300.tif,DDR-SEGMENTATION/train/label/SE/007-5005-300.tif,
DDR,train,DDR-SEGMENTATION/valid/image/20170503090730660.jpg,DDR-SEGMENTATION/valid/label/EX/20170503090730660.tif,DDR-SEGMENTATION/valid/label/HE/20170503090730660.tif,DDR-SEGMENTATION/valid/label/MA/20170503090730660.tif,DDR-SEGMENTATION/valid/label/SE/20170503090730660.tif,
DDR,train,DDR-SEGMENTATION/train/image/007-6148-300.jpg,DDR-SEGMENTATION/train/label/EX/007-6148-300.tif,DDR-SEGMENTATION/train/label/HE/007-6148-300.tif,DDR-SEGMENTATION/train/label/MA/007-6148-300.tif,DDR-SEGMENTATION/train/label/SE/007-6148-300.tif,
DDR,train,DDR-SEGMENTATION/train/image/007-5126-300.jpg,DDR-SEGMENTATION/train/label/EX/007-5126-300.tif,DDR-SEGMENTATION/train/label/HE/007-5126-300.tif,DDR-SEGMENTATION/train/label/MA/007-5126-300.tif,DDR-SEGMENTATION/train/label/SE/007-5126-300.tif,
DDR,train,DDR-SEGMENTATION/valid/image/20170518104749319.jpg,DDR-SEGMENTATION/valid/label/EX/20170518104749319.tif,DDR-SEGMENTATION/valid/label/HE/20170518104749319.tif,DDR-SEGMENTATION/valid/label/MA/20170518104749319.tif,DDR-SEGMENTATION/valid/label/SE/20170518104749319.tif,
DDR,train,DDR-SEGMENTATION/train/image/007-5394-300.jpg,DDR-SEGMENTATION/train/label/EX/007-5394-300.tif,DDR-SEGMENTATION/train/label/HE/007-5394-300.tif,DDR-SEGMENTATION/train/label/MA/007-5394-300.tif,DDR-SEGMENTATION/train/label/SE/007-5394-300.tif,
DDR,train,DDR-SEGMENTATION/train/image/007-4576-200.jpg,DDR-SEGMENTATION/train/label/EX/007-4576-200.tif,DDR-SEGMENTATION/train/label/HE/007-4576-200.tif,DDR-SEGMENTATION/train/label/MA/007-4576-200.tif,DDR-SEGMENTATION/train/label/SE/007-4576-200.tif,
DDR,train,DDR-SEGMENTATION/train/image/007-4610-200.jpg,DDR-SEGMENTATION/train/label/EX/007-4610-200.tif,DDR-SEGMENTATION/train/label/HE/007-4610-200.tif,DDR-SEGMENTATION/train/label/MA/007-4610-200.tif,DDR-SEGMENTATION/train/label/SE/007-4610-200.tif,
DDR,train,DDR-SEGMENTATION/train/image/007-4277-200.jpg,DDR-SEGMENTATION/train/label/EX/007-4277-200.tif,DDR-SEGMENTATION/train/label/HE/007-4277-200.tif,DDR-SEGMENTATION/train/label/MA/007-4277-200.tif,DDR-SEGMENTATION/train/label/SE/007-4277-200.tif,
DDR,train,DDR-SEGMENTATION/train/image/007-5135-300.jpg,DDR-SEGMENTATION/train/label/EX/007-5135-300.tif,DDR-SEGMENTATION/train/label/HE/007-5135-300.tif,DDR-SEGMENTATION/train/label/MA/007-5135-300.tif,DDR-SEGMENTATION/train/label/SE/007-5135-300.tif,
DDR,train,DDR-SEGMENTATION/train/image/007-3397-200.jpg,DDR-SEGMENTATION/train/label/EX/007-3397-200.tif,DDR-SEGMENTATION/train/label/HE/007-3397-200.tif,DDR-SEGMENTATION/train/label/MA/007-3397-200.tif,DDR-SEGMENTATION/train/label/SE/007-3397-200.tif,
DDR,train,DDR-SEGMENTATION/train/image/007-2756-100.jpg,DDR-SEGMENTATION/train/label/EX/007-2756-100.tif,DDR-SEGMENTATION/train/label/HE/007-2756-100.tif,DDR-SEGMENTATION/train/label/MA/007-2756-100.tif,DDR-SEGMENTATION/train/label/SE/007-2756-100.tif,
DDR,train,DDR-SEGMENTATION/train/image/007-5310-300.jpg,DDR-SEGMENTATION/train/label/EX/007-5310-300.tif,DDR-SEGMENTATION/train/label/HE/007-5310-300.tif,DDR-SEGMENTATION/train/label/MA/007-5310-300.tif,DDR-SEGMENTATION/train/label/SE/007-5310-300.tif,
DDR,train,DDR-SEGMENTATION/train/image/007-3992-200.jpg,DDR-SEGMENTATION/train/label/EX/007-3992-200.tif,DDR-SEGMENTATION/train/label/HE/007-3992-200.tif,DDR-SEGMENTATION/train/label/MA/007-3992-200.tif,DDR-SEGMENTATION/train/label/SE/007-3992-200.tif,
DDR,train,DDR-SEGMENTATION/train/image/007-3387-200.jpg,DDR-SEGMENTATION/train/label/EX/007-3387-200.tif,DDR-SEGMENTATION/train/label/HE/007-3387-200.tif,DDR-SEGMENTATION/train/label/MA/007-3387-200.tif,DDR-SEGMENTATION/train/label/SE/007-3387-200.tif,
DDR,train,DDR-SEGMENTATION/valid/image/007-5886-300.jpg,DDR-SEGMENTATION/valid/label/EX/007-5886-300.tif,DDR-SEGMENTATION/valid/label/HE/007-5886-300.tif,DDR-SEGMENTATION/valid/label/MA/007-5886-300.tif,DDR-SEGMENTATION/valid/label/SE/007-5886-300.tif,
DDR,train,DDR-SEGMENTATION/train/image/007-4843-300.jpg,DDR-SEGMENTATION/train/label/EX/007-4843-300.tif,DDR-SEGMENTATION/train/label/HE/007-4843-300.tif,DDR-SEGMENTATION/train/label/MA/007-4843-300.tif,DDR-SEGMENTATION/train/label/SE/007-4843-300.tif,
DDR,train,DDR-SEGMENTATION/train/image/007-5639-300.jpg,DDR-SEGMENTATION/train/label/EX/007-5639-300.tif,DDR-SEGMENTATION/train/label/HE/007-5639-300.tif,DDR-SEGMENTATION/train/label/MA/007-5639-300.tif,DDR-SEGMENTATION/train/label/SE/007-5639-300.tif,
DDR,train,DDR-SEGMENTATION/train/image/007-5454-300.jpg,DDR-SEGMENTATION/train/label/EX/007-5454-300.tif,DDR-SEGMENTATION/train/label/HE/007-5454-300.tif,DDR-SEGMENTATION/train/label/MA/007-5454-300.tif,DDR-SEGMENTATION/train/label/SE/007-5454-300.tif,
DDR,train,DDR-SEGMENTATION/valid/image/007-6162-300.jpg,DDR-SEGMENTATION/valid/label/EX/007-6162-300.tif,DDR-SEGMENTATION/valid/label/HE/007-6162-300.tif,DDR-SEGMENTATION/valid/label/MA/007-6162-300.tif,DDR-SEGMENTATION/valid/label/SE/007-6162-300.tif,
DDR,train,DDR-SEGMENTATION/valid/image/007-5844-300.jpg,DDR-SEGMENTATION/valid/label/EX/007-5844-300.tif,DDR-SEGMENTATION/valid/label/HE/007-5844-300.tif,DDR-SEGMENTATION/valid/label/MA/007-5844-300.tif,DDR-SEGMENTATION/valid/label/SE/007-5844-300.tif,
DDR,train,DDR-SEGMENTATION/train/image/007-4667-200.jpg,DDR-SEGMENTATION/train/label/EX/007-4667-200.tif,DDR-SEGMENTATION/train/label/HE/007-4667-200.tif,DDR-SEGMENTATION/train/label/MA/007-4667-200.tif,DDR-SEGMENTATION/train/label/SE/007-4667-200.tif,
DDR,train,DDR-SEGMENTATION/train/image/007-4960-300.jpg,DDR-SEGMENTATION/train/label/EX/007-4960-300.tif,DDR-SEGMENTATION/train/label/HE/007-4960-300.tif,DDR-SEGMENTATION/train/label/MA/007-4960-300.tif,DDR-SEGMENTATION/train/label/SE/007-4960-300.tif,
DDR,train,DDR-SEGMENTATION/train/image/007-5885-300.jpg,DDR-SEGMENTATION/train/label/EX/007-5885-300.tif,DDR-SEGMENTATION/train/label/HE/007-5885-300.tif,DDR-SEGMENTATION/train/label/MA/007-5885-300.tif,DDR-SEGMENTATION/train/label/SE/007-5885-300.tif,
DDR,train,DDR-SEGMENTATION/train/image/007-4660-200.jpg,DDR-SEGMENTATION/train/label/EX/007-4660-200.tif,DDR-SEGMENTATION/train/label/HE/007-4660-200.tif,DDR-SEGMENTATION/train/label/MA/007-4660-200.tif,DDR-SEGMENTATION/train/label/SE/007-4660-200.tif,
DDR,train,DDR-SEGMENTATION/valid/image/20170505100940129.jpg,DDR-SEGMENTATION/valid/label/EX/20170505100940129.tif,DDR-SEGMENTATION/valid/label/HE/20170505100940129.tif,DDR-SEGMENTATION/valid/label/MA/20170505100940129.tif,DDR-SEGMENTATION/valid/label/SE/20170505100940129.tif,
DDR,train,DDR-SEGMENTATION/train/image/007-5397-300.jpg,DDR-SEGMENTATION/train/label/EX/007-5397-300.tif,DDR-SEGMENTATION/train/label/HE/007-5397-300.tif,DDR-SEGMENTATION/train/label/MA/007-5397-300.tif,DDR-SEGMENTATION/train/label/SE/007-5397-300.tif,
DDR,train,DDR-SEGMENTATION/valid/image/007-6113-300.jpg,DDR-SEGMENTATION/valid/label/EX/007-6113-300.tif,DDR-SEGMENTATION/valid/label/HE/007-6113-300.tif,DDR-SEGMENTATION/valid/label/MA/007-6113-300.tif,DDR-SEGMENTATION/valid/label/SE/007-6113-300.tif,
DDR,train,DDR-SEGMENTATION/valid/image/20170501232823085.jpg,DDR-SEGMENTATION/valid/label/EX/20170501232823085.tif,DDR-SEGMENTATION/valid/label/HE/20170501232823085.tif,DDR-SEGMENTATION/valid/label/MA/20170501232823085.tif,DDR-SEGMENTATION/valid/label/SE/20170501232823085.tif,
DDR,train,DDR-SEGMENTATION/train/image/007-6926-400.jpg,DDR-SEGMENTATION/train/label/EX/007-6926-400.tif,DDR-SEGMENTATION/train/label/HE/007-6926-400.tif,DDR-SEGMENTATION/train/label/MA/007-6926-400.tif,DDR-SEGMENTATION/train/label/SE/007-6926-400.tif,
DDR,train,DDR-SEGMENTATION/valid/image/007-2998-100.jpg,DDR-SEGMENTATION/valid/label/EX/007-2998-100.tif,DDR-SEGMENTATION/valid/label/HE/007-2998-100.tif,DDR-SEGMENTATION/valid/label/MA/007-2998-100.tif,DDR-SEGMENTATION/valid/label/SE/007-2998-100.tif,
DDR,train,DDR-SEGMENTATION/valid/image/20170504201513545.jpg,DDR-SEGMENTATION/valid/label/EX/20170504201513545.tif,DDR-SEGMENTATION/valid/label/HE/20170504201513545.tif,DDR-SEGMENTATION/valid/label/MA/20170504201513545.tif,DDR-SEGMENTATION/valid/label/SE/20170504201513545.tif,
DDR,train,DDR-SEGMENTATION/train/image/007-2832-100.jpg,DDR-SEGMENTATION/train/label/EX/007-2832-100.tif,DDR-SEGMENTATION/train/label/HE/007-2832-100.tif,DDR-SEGMENTATION/train/label/MA/007-2832-100.tif,DDR-SEGMENTATION/train/label/SE/007-2832-100.tif,
DDR,train,DDR-SEGMENTATION/train/image/007-3339-200.jpg,DDR-SEGMENTATION/train/label/EX/007-3339-200.tif,DDR-SEGMENTATION/train/label/HE/007-3339-200.tif,DDR-SEGMENTATION/train/label/MA/007-3339-200.tif,DDR-SEGMENTATION/train/label/SE/007-3339-200.tif,
DDR,train,DDR-SEGMENTATION/train/image/007-2287-100.jpg,DDR-SEGMENTATION/train/label/EX/007-2287-100.tif,DDR-SEGMENTATION/train/label/HE/007-2287-100.tif,DDR-SEGMENTATION/train/label/MA/007-2287-100.tif,DDR-SEGMENTATION/train/label/SE/007-2287-100.tif,
DDR,train,DDR-SEGMENTATION/valid/image/20170524111743769.jpg,DDR-SEGMENTATION/valid/label/EX/20170524111743769.tif,DDR-SEGMENTATION/valid/label/HE/20170524111743769.tif,DDR-SEGMENTATION/valid/label/MA/20170524111743769.tif,DDR-SEGMENTATION/valid/label/SE/20170524111743769.tif,
DDR,train,DDR-SEGMENTATION/train/image/007-5685-300.jpg,DDR-SEGMENTATION/train/label/EX/007-5685-300.tif,DDR-SEGMENTATION/train/label/HE/007-5685-300.tif,DDR-SEGMENTATION/train/label/MA/007-5685-300.tif,DDR-SEGMENTATION/train/label/SE/007-5685-300.tif,
DDR,train,DDR-SEGMENTATION/valid/image/007-2852-100.jpg,DDR-SEGMENTATION/valid/label/EX/007-2852-100.tif,DDR-SEGMENTATION/valid/label/HE/007-2852-100.tif,DDR-SEGMENTATION/valid/label/MA/007-2852-100.tif,DDR-SEGMENTATION/valid/label/SE/007-2852-100.tif,
DDR,train,DDR-SEGMENTATION/train/image/007-3458-200.jpg,DDR-SEGMENTATION/train/label/EX/007-3458-200.tif,DDR-SEGMENTATION/train/label/HE/007-3458-200.tif,DDR-SEGMENTATION/train/label/MA/007-3458-200.tif,DDR-SEGMENTATION/train/label/SE/007-3458-200.tif,
DDR,train,DDR-SEGMENTATION/train/image/007-2126-100.jpg,DDR-SEGMENTATION/train/label/EX/007-2126-100.tif,DDR-SEGMENTATION/train/label/HE/007-2126-100.tif,DDR-SEGMENTATION/train/label/MA/007-2126-100.tif,DDR-SEGMENTATION/train/label/SE/007-2126-100.tif,
DDR,train,DDR-SEGMENTATION/train/image/007-4066-200.jpg,DDR-SEGMENTATION/train/label/EX/007-4066-200.tif,DDR-SEGMENTATION/train/label/HE/007-4066-200.tif,DDR-SEGMENTATION/train/label/MA/007-4066-200.tif,DDR-SEGMENTATION/train/label/SE/007-4066-200.tif,
DDR,train,DDR-SEGMENTATION/train/image/007-5337-300.jpg,DDR-SEGMENTATION/train/label/EX/007-5337-300.tif,DDR-SEGMENTATION/train/label/HE/007-5337-300.tif,DDR-SEGMENTATION/train/label/MA/007-5337-300.tif,DDR-SEGMENTATION/train/label/SE/007-5337-300.tif,
DDR,train,DDR-SEGMENTATION/valid/image/007-5881-300.jpg,DDR-SEGMENTATION/valid/label/EX/007-5881-300.tif,DDR-SEGMENTATION/valid/label/HE/007-5881-300.tif,DDR-SEGMENTATION/valid/label/MA/007-5881-300.tif,DDR-SEGMENTATION/valid/label/SE/007-5881-300.tif,
DDR,train,DDR-SEGMENTATION/valid/image/20170502161755715.jpg,DDR-SEGMENTATION/valid/label/EX/20170502161755715.tif,DDR-SEGMENTATION/valid/label/HE/20170502161755715.tif,DDR-SEGMENTATION/valid/label/MA/20170502161755715.tif,DDR-SEGMENTATION/valid/label/SE/20170502161755715.tif,
DDR,train,DDR-SEGMENTATION/valid/image/007-6130-300.jpg,DDR-SEGMENTATION/valid/label/EX/007-6130-300.tif,DDR-SEGMENTATION/valid/label/HE/007-6130-300.tif,DDR-SEGMENTATION/valid/label/MA/007-6130-300.tif,DDR-SEGMENTATION/valid/label/SE/007-6130-300.tif,
DDR,train,DDR-SEGMENTATION/valid/image/007-6246-300.jpg,DDR-SEGMENTATION/valid/label/EX/007-6246-300.tif,DDR-SEGMENTATION/valid/label/HE/007-6246-300.tif,DDR-SEGMENTATION/valid/label/MA/007-6246-300.tif,DDR-SEGMENTATION/valid/label/SE/007-6246-300.tif,
DDR,train,DDR-SEGMENTATION/train/image/007-2068-100.jpg,DDR-SEGMENTATION/train/label/EX/007-2068-100.tif,DDR-SEGMENTATION/train/label/HE/007-2068-100.tif,DDR-SEGMENTATION/train/label/MA/007-2068-100.tif,DDR-SEGMENTATION/train/label/SE/007-2068-100.tif,
DDR,train,DDR-SEGMENTATION/train/image/007-2600-100.jpg,DDR-SEGMENTATION/train/label/EX/007-2600-100.tif,DDR-SEGMENTATION/train/label/HE/007-2600-100.tif,DDR-SEGMENTATION/train/label/MA/007-2600-100.tif,DDR-SEGMENTATION/train/label/SE/007-2600-100.tif,
DDR,train,DDR-SEGMENTATION/valid/image/007-6258-300.jpg,DDR-SEGMENTATION/valid/label/EX/007-6258-300.tif,DDR-SEGMENTATION/valid/label/HE/007-6258-300.tif,DDR-SEGMENTATION/valid/label/MA/007-6258-300.tif,DDR-SEGMENTATION/valid/label/SE/007-6258-300.tif,
DDR,train,DDR-SEGMENTATION/valid/image/007-5730-300.jpg,DDR-SEGMENTATION/valid/label/EX/007-5730-300.tif,DDR-SEGMENTATION/valid/label/HE/007-5730-300.tif,DDR-SEGMENTATION/valid/label/MA/007-5730-300.tif,DDR-SEGMENTATION/valid/label/SE/007-5730-300.tif,
DDR,train,DDR-SEGMENTATION/valid/image/20170503161012969.jpg,DDR-SEGMENTATION/valid/label/EX/20170503161012969.tif,DDR-SEGMENTATION/valid/label/HE/20170503161012969.tif,DDR-SEGMENTATION/valid/label/MA/20170503161012969.tif,DDR-SEGMENTATION/valid/label/SE/20170503161012969.tif,
DDR,train,DDR-SEGMENTATION/train/image/007-4266-200.jpg,DDR-SEGMENTATION/train/label/EX/007-4266-200.tif,DDR-SEGMENTATION/train/label/HE/007-4266-200.tif,DDR-SEGMENTATION/train/label/MA/007-4266-200.tif,DDR-SEGMENTATION/train/label/SE/007-4266-200.tif,
DDR,train,DDR-SEGMENTATION/train/image/007-4951-300.jpg,DDR-SEGMENTATION/train/label/EX/007-4951-300.tif,DDR-SEGMENTATION/train/label/HE/007-4951-300.tif,DDR-SEGMENTATION/train/label/MA/007-4951-300.tif,DDR-SEGMENTATION/train/label/SE/007-4951-300.tif,
DDR,train,DDR-SEGMENTATION/train/image/007-2375-100.jpg,DDR-SEGMENTATION/train/label/EX/007-2375-100.tif,DDR-SEGMENTATION/train/label/HE/007-2375-100.tif,DDR-SEGMENTATION/train/label/MA/007-2375-100.tif,DDR-SEGMENTATION/train/label/SE/007-2375-100.tif,
DDR,train,DDR-SEGMENTATION/train/image/007-5511-300.jpg,DDR-SEGMENTATION/train/label/EX/007-5511-300.tif,DDR-SEGMENTATION/train/label/HE/007-5511-300.tif,DDR-SEGMENTATION/train/label/MA/007-5511-300.tif,DDR-SEGMENTATION/train/label/SE/007-5511-300.tif,
DDR,train,DDR-SEGMENTATION/train/image/007-1974-100.jpg,DDR-SEGMENTATION/train/label/EX/007-1974-100.tif,DDR-SEGMENTATION/train/label/HE/007-1974-100.tif,DDR-SEGMENTATION/train/label/MA/007-1974-100.tif,DDR-SEGMENTATION/train/label/SE/007-1974-100.tif,
DDR,train,DDR-SEGMENTATION/valid/image/20170519153000176.jpg,DDR-SEGMENTATION/valid/label/EX/20170519153000176.tif,DDR-SEGMENTATION/valid/label/HE/20170519153000176.tif,DDR-SEGMENTATION/valid/label/MA/20170519153000176.tif,DDR-SEGMENTATION/valid/label/SE/20170519153000176.tif,
DDR,train,DDR-SEGMENTATION/valid/image/007-6240-300.jpg,DDR-SEGMENTATION/valid/label/EX/007-6240-300.tif,DDR-SEGMENTATION/valid/label/HE/007-6240-300.tif,DDR-SEGMENTATION/valid/label/MA/007-6240-300.tif,DDR-SEGMENTATION/valid/label/SE/007-6240-300.tif,
DDR,train,DDR-SEGMENTATION/train/image/007-3492-200.jpg,DDR-SEGMENTATION/train/label/EX/007-3492-200.tif,DDR-SEGMENTATION/train/label/HE/007-3492-200.tif,DDR-SEGMENTATION/train/label/MA/007-3492-200.tif,DDR-SEGMENTATION/train/label/SE/007-3492-200.tif,
DDR,train,DDR-SEGMENTATION/train/image/007-3466-200.jpg,DDR-SEGMENTATION/train/label/EX/007-3466-200.tif,DDR-SEGMENTATION/train/label/HE/007-3466-200.tif,DDR-SEGMENTATION/train/label/MA/007-3466-200.tif,DDR-SEGMENTATION/train/label/SE/007-3466-200.tif,
DDR,train,DDR-SEGMENTATION/train/image/007-6547-400.jpg,DDR-SEGMENTATION/train/label/EX/007-6547-400.tif,DDR-SEGMENTATION/train/label/HE/007-6547-400.tif,DDR-SEGMENTATION/train/label/MA/007-6547-400.tif,DDR-SEGMENTATION/train/label/SE/007-6547-400.tif,
DDR,train,DDR-SEGMENTATION/train/image/007-6573-400.jpg,DDR-SEGMENTATION/train/label/EX/007-6573-400.tif,DDR-SEGMENTATION/train/label/HE/007-6573-400.tif,DDR-SEGMENTATION/train/label/MA/007-6573-400.tif,DDR-SEGMENTATION/train/label/SE/007-6573-400.tif,
DDR,train,DDR-SEGMENTATION/valid/image/007-6161-300.jpg,DDR-SEGMENTATION/valid/label/EX/007-6161-300.tif,DDR-SEGMENTATION/valid/label/HE/007-6161-300.tif,DDR-SEGMENTATION/valid/label/MA/007-6161-300.tif,DDR-SEGMENTATION/valid/label/SE/007-6161-300.tif,
DDR,train,DDR-SEGMENTATION/train/image/007-3319-200.jpg,DDR-SEGMENTATION/train/label/EX/007-3319-200.tif,DDR-SEGMENTATION/train/label/HE/007-3319-200.tif,DDR-SEGMENTATION/train/label/MA/007-3319-200.tif,DDR-SEGMENTATION/train/label/SE/007-3319-200.tif,
DDR,train,DDR-SEGMENTATION/train/image/007-3729-200.jpg,DDR-SEGMENTATION/train/label/EX/007-3729-200.tif,DDR-SEGMENTATION/train/label/HE/007-3729-200.tif,DDR-SEGMENTATION/train/label/MA/007-3729-200.tif,DDR-SEGMENTATION/train/label/SE/007-3729-200.tif,
DDR,train,DDR-SEGMENTATION/train/image/007-3645-200.jpg,DDR-SEGMENTATION/train/label/EX/007-3645-200.tif,DDR-SEGMENTATION/train/label/HE/007-3645-200.tif,DDR-SEGMENTATION/train/label/MA/007-3645-200.tif,DDR-SEGMENTATION/train/label/SE/007-3645-200.tif,
DDR,train,DDR-SEGMENTATION/train/image/007-3487-200.jpg,DDR-SEGMENTATION/train/label/EX/007-3487-200.tif,DDR-SEGMENTATION/train/label/HE/007-3487-200.tif,DDR-SEGMENTATION/train/label/MA/007-3487-200.tif,DDR-SEGMENTATION/train/label/SE/007-3487-200.tif,
DDR,train,DDR-SEGMENTATION/train/image/007-3415-200.jpg,DDR-SEGMENTATION/train/label/EX/007-3415-200.tif,DDR-SEGMENTATION/train/label/HE/007-3415-200.tif,DDR-SEGMENTATION/train/label/MA/007-3415-200.tif,DDR-SEGMENTATION/train/label/SE/007-3415-200.tif,
DDR,train,DDR-SEGMENTATION/train/image/007-3476-200.jpg,DDR-SEGMENTATION/train/label/EX/007-3476-200.tif,DDR-SEGMENTATION/train/label/HE/007-3476-200.tif,DDR-SEGMENTATION/train/label/MA/007-3476-200.tif,DDR-SEGMENTATION/train/label/SE/007-3476-200.tif,
DDR,train,DDR-SEGMENTATION/train/image/007-6721-400.jpg,DDR-SEGMENTATION/train/label/EX/007-6721-400.tif,DDR-SEGMENTATION/train/label/HE/007-6721-400.tif,DDR-SEGMENTATION/train/label/MA/007-6721-400.tif,DDR-SEGMENTATION/train/label/SE/007-6721-400.tif,
DDR,train,DDR-SEGMENTATION/train/image/007-2765-100.jpg,DDR-SEGMENTATION/train/label/EX/007-2765-100.tif,DDR-SEGMENTATION/train/label/HE/007-2765-100.tif,DDR-SEGMENTATION/train/label/MA/007-2765-100.tif,DDR-SEGMENTATION/train/label/SE/007-2765-100.tif,
DDR,train,DDR-SEGMENTATION/train/image/007-1824-100.jpg,DDR-SEGMENTATION/train/label/EX/007-1824-100.tif,DDR-SEGMENTATION/train/label/HE/007-1824-100.tif,DDR-SEGMENTATION/train/label/MA/007-1824-100.tif,DDR-SEGMENTATION/train/label/SE/007-1824-100.tif,
DDR,train,DDR-SEGMENTATION/train/image/007-5416-300.jpg,DDR-SEGMENTATION/train/label/EX/007-5416-300.tif,DDR-SEGMENTATION/train/label/HE/007-5416-300.tif,DDR-SEGMENTATION/train/label/MA/007-5416-300.tif,DDR-SEGMENTATION/train/label/SE/007-5416-300.tif,
DDR,train,DDR-SEGMENTATION/train/image/007-4271-200.jpg,DDR-SEGMENTATION/train/label/EX/007-4271-200.tif,DDR-SEGMENTATION/train/label/HE/007-4271-200.tif,DDR-SEGMENTATION/train/label/MA/007-4271-200.tif,DDR-SEGMENTATION/train/label/SE/007-4271-200.tif,
DDR,train,DDR-SEGMENTATION/train/image/007-4605-200.jpg,DDR-SEGMENTATION/train/label/EX/007-4605-200.tif,DDR-SEGMENTATION/train/label/HE/007-4605-200.tif,DDR-SEGMENTATION/train/label/MA/007-4605-200.tif,DDR-SEGMENTATION/train/label/SE/007-4605-200.tif,
DDR,train,DDR-SEGMENTATION/valid/image/20170519180821875.jpg,DDR-SEGMENTATION/valid/label/EX/20170519180821875.tif,DDR-SEGMENTATION/valid/label/HE/20170519180821875.tif,DDR-SEGMENTATION/valid/label/MA/20170519180821875.tif,DDR-SEGMENTATION/valid/label/SE/20170519180821875.tif,
DDR,train,DDR-SEGMENTATION/valid/image/007-5941-300.jpg,DDR-SEGMENTATION/valid/label/EX/007-5941-300.tif,DDR-SEGMENTATION/valid/label/HE/007-5941-300.tif,DDR-SEGMENTATION/valid/label/MA/007-5941-300.tif,DDR-SEGMENTATION/valid/label/SE/007-5941-300.tif,
DDR,train,DDR-SEGMENTATION/train/image/007-3629-200.jpg,DDR-SEGMENTATION/train/label/EX/007-3629-200.tif,DDR-SEGMENTATION/train/label/HE/007-3629-200.tif,DDR-SEGMENTATION/train/label/MA/007-3629-200.tif,DDR-SEGMENTATION/train/label/SE/007-3629-200.tif,
DDR,train,DDR-SEGMENTATION/train/image/007-5567-300.jpg,DDR-SEGMENTATION/train/label/EX/007-5567-300.tif,DDR-SEGMENTATION/train/label/HE/007-5567-300.tif,DDR-SEGMENTATION/train/label/MA/007-5567-300.tif,DDR-SEGMENTATION/train/label/SE/007-5567-300.tif,
DDR,train,DDR-SEGMENTATION/train/image/007-4567-200.jpg,DDR-SEGMENTATION/train/label/EX/007-4567-200.tif,DDR-SEGMENTATION/train/label/HE/007-4567-200.tif,DDR-SEGMENTATION/train/label/MA/007-4567-200.tif,DDR-SEGMENTATION/train/label/SE/007-4567-200.tif,
DDR,train,DDR-SEGMENTATION/train/image/007-3527-200.jpg,DDR-SEGMENTATION/train/label/EX/007-3527-200.tif,DDR-SEGMENTATION/train/label/HE/007-3527-200.tif,DDR-SEGMENTATION/train/label/MA/007-3527-200.tif,DDR-SEGMENTATION/train/label/SE/007-3527-200.tif,
DDR,train,DDR-SEGMENTATION/train/image/007-3413-200.jpg,DDR-SEGMENTATION/train/label/EX/007-3413-200.tif,DDR-SEGMENTATION/train/label/HE/007-3413-200.tif,DDR-SEGMENTATION/train/label/MA/007-3413-200.tif,DDR-SEGMENTATION/train/label/SE/007-3413-200.tif,
DDR,train,DDR-SEGMENTATION/train/image/007-3500-200.jpg,DDR-SEGMENTATION/train/label/EX/007-3500-200.tif,DDR-SEGMENTATION/train/label/HE/007-3500-200.tif,DDR-SEGMENTATION/train/label/MA/007-3500-200.tif,DDR-SEGMENTATION/train/label/SE/007-3500-200.tif,
DDR,train,DDR-SEGMENTATION/train/image/007-4268-200.jpg,DDR-SEGMENTATION/train/label/EX/007-4268-200.tif,DDR-SEGMENTATION/train/label/HE/007-4268-200.tif,DDR-SEGMENTATION/train/label/MA/007-4268-200.tif,DDR-SEGMENTATION/train/label/SE/007-4268-200.tif,
DDR,train,DDR-SEGMENTATION/train/image/007-4070-200.jpg,DDR-SEGMENTATION/train/label/EX/007-4070-200.tif,DDR-SEGMENTATION/train/label/HE/007-4070-200.tif,DDR-SEGMENTATION/train/label/MA/007-4070-200.tif,DDR-SEGMENTATION/train/label/SE/007-4070-200.tif,
DDR,train,DDR-SEGMENTATION/valid/image/007-6126-300.jpg,DDR-SEGMENTATION/valid/label/EX/007-6126-300.tif,DDR-SEGMENTATION/valid/label/HE/007-6126-300.tif,DDR-SEGMENTATION/valid/label/MA/007-6126-300.tif,DDR-SEGMENTATION/valid/label/SE/007-6126-300.tif,
DDR,train,DDR-SEGMENTATION/train/image/007-2245-100.jpg,DDR-SEGMENTATION/train/label/EX/007-2245-100.tif,DDR-SEGMENTATION/train/label/HE/007-2245-100.tif,DDR-SEGMENTATION/train/label/MA/007-2245-100.tif,DDR-SEGMENTATION/train/label/SE/007-2245-100.tif,
DDR,train,DDR-SEGMENTATION/train/image/007-2689-100.jpg,DDR-SEGMENTATION/train/label/EX/007-2689-100.tif,DDR-SEGMENTATION/train/label/HE/007-2689-100.tif,DDR-SEGMENTATION/train/label/MA/007-2689-100.tif,DDR-SEGMENTATION/train/label/SE/007-2689-100.tif,
DDR,train,DDR-SEGMENTATION/train/image/007-2768-100.jpg,DDR-SEGMENTATION/train/label/EX/007-2768-100.tif,DDR-SEGMENTATION/train/label/HE/007-2768-100.tif,DDR-SEGMENTATION/train/label/MA/007-2768-100.tif,DDR-SEGMENTATION/train/label/SE/007-2768-100.tif,
DDR,train,DDR-SEGMENTATION/train/image/007-4815-300.jpg,DDR-SEGMENTATION/train/label/EX/007-4815-300.tif,DDR-SEGMENTATION/train/label/HE/007-4815-300.tif,DDR-SEGMENTATION/train/label/MA/007-4815-300.tif,DDR-SEGMENTATION/train/label/SE/007-4815-300.tif,
DDR,train,DDR-SEGMENTATION/valid/image/007-6054-300.jpg,DDR-SEGMENTATION/valid/label/EX/007-6054-300.tif,DDR-SEGMENTATION/valid/label/HE/007-6054-300.tif,DDR-SEGMENTATION/valid/label/MA/007-6054-300.tif,DDR-SEGMENTATION/valid/label/SE/007-6054-300.tif,
DDR,train,DDR-SEGMENTATION/train/image/007-6686-400.jpg,DDR-SEGMENTATION/train/label/EX/007-6686-400.tif,DDR-SEGMENTATION/train/label/HE/007-6686-400.tif,DDR-SEGMENTATION/train/label/MA/007-6686-400.tif,DDR-SEGMENTATION/train/label/SE/007-6686-400.tif,
DDR,train,DDR-SEGMENTATION/train/image/007-5501-300.jpg,DDR-SEGMENTATION/train/label/EX/007-5501-300.tif,DDR-SEGMENTATION/train/label/HE/007-5501-300.tif,DDR-SEGMENTATION/train/label/MA/007-5501-300.tif,DDR-SEGMENTATION/train/label/SE/007-5501-300.tif,
DDR,train,DDR-SEGMENTATION/train/image/007-2167-100.jpg,DDR-SEGMENTATION/train/label/EX/007-2167-100.tif,DDR-SEGMENTATION/train/label/HE/007-2167-100.tif,DDR-SEGMENTATION/train/label/MA/007-2167-100.tif,DDR-SEGMENTATION/train/label/SE/007-2167-100.tif,
DDR,train,DDR-SEGMENTATION/train/image/007-2684-100.jpg,DDR-SEGMENTATION/train/label/EX/007-2684-100.tif,DDR-SEGMENTATION/train/label/HE/007-2684-100.tif,DDR-SEGMENTATION/train/label/MA/007-2684-100.tif,DDR-SEGMENTATION/train/label/SE/007-2684-100.tif,
DDR,train,DDR-SEGMENTATION/train/image/007-2391-100.jpg,DDR-SEGMENTATION/train/label/EX/007-2391-100.tif,DDR-SEGMENTATION/train/label/HE/007-2391-100.tif,DDR-SEGMENTATION/train/label/MA/007-2391-100.tif,DDR-SEGMENTATION/train/label/SE/007-2391-100.tif,
DDR,train,DDR-SEGMENTATION/train/image/007-5457-300.jpg,DDR-SEGMENTATION/train/label/EX/007-5457-300.tif,DDR-SEGMENTATION/train/label/HE/007-5457-300.tif,DDR-SEGMENTATION/train/label/MA/007-5457-300.tif,DDR-SEGMENTATION/train/label/SE/007-5457-300.tif,
DDR,train,DDR-SEGMENTATION/train/image/007-6392-400.jpg,DDR-SEGMENTATION/train/label/EX/007-6392-400.tif,DDR-SEGMENTATION/train/label/HE/007-6392-400.tif,DDR-SEGMENTATION/train/label/MA/007-6392-400.tif,DDR-SEGMENTATION/train/label/SE/007-6392-400.tif,
DDR,train,DDR-SEGMENTATION/train/image/007-5701-300.jpg,DDR-SEGMENTATION/train/label/EX/007-5701-300.tif,DDR-SEGMENTATION/train/label/HE/007-5701-300.tif,DDR-SEGMENTATION/train/label/MA/007-5701-300.tif,DDR-SEGMENTATION/train/label/SE/007-5701-300.tif,
DDR,train,DDR-SEGMENTATION/train/image/007-1831-100.jpg,DDR-SEGMENTATION/train/label/EX/007-1831-100.tif,DDR-SEGMENTATION/train/label/HE/007-1831-100.tif,DDR-SEGMENTATION/train/label/MA/007-1831-100.tif,DDR-SEGMENTATION/train/label/SE/007-1831-100.tif,
DDR,train,DDR-SEGMENTATION/train/image/007-3939-200.jpg,DDR-SEGMENTATION/train/label/EX/007-3939-200.tif,DDR-SEGMENTATION/train/label/HE/007-3939-200.tif,DDR-SEGMENTATION/train/label/MA/007-3939-200.tif,DDR-SEGMENTATION/train/label/SE/007-3939-200.tif,
DDR,train,DDR-SEGMENTATION/train/image/007-3310-200.jpg,DDR-SEGMENTATION/train/label/EX/007-3310-200.tif,DDR-SEGMENTATION/train/label/HE/007-3310-200.tif,DDR-SEGMENTATION/train/label/MA/007-3310-200.tif,DDR-SEGMENTATION/train/label/SE/007-3310-200.tif,
DDR,train,DDR-SEGMENTATION/train/image/007-2210-100.jpg,DDR-SEGMENTATION/train/label/EX/007-2210-100.tif,DDR-SEGMENTATION/train/label/HE/007-2210-100.tif,DDR-SEGMENTATION/train/label/MA/007-2210-100.tif,DDR-SEGMENTATION/train/label/SE/007-2210-100.tif,
DDR,train,DDR-SEGMENTATION/train/image/007-2234-100.jpg,DDR-SEGMENTATION/train/label/EX/007-2234-100.tif,DDR-SEGMENTATION/train/label/HE/007-2234-100.tif,DDR-SEGMENTATION/train/label/MA/007-2234-100.tif,DDR-SEGMENTATION/train/label/SE/007-2234-100.tif,
DDR,train,DDR-SEGMENTATION/train/image/007-4246-200.jpg,DDR-SEGMENTATION/train/label/EX/007-4246-200.tif,DDR-SEGMENTATION/train/label/HE/007-4246-200.tif,DDR-SEGMENTATION/train/label/MA/007-4246-200.tif,DDR-SEGMENTATION/train/label/SE/007-4246-200.tif,
DDR,train,DDR-SEGMENTATION/valid/image/20170502092651558.jpg,DDR-SEGMENTATION/valid/label/EX/20170502092651558.tif,DDR-SEGMENTATION/valid/label/HE/20170502092651558.tif,DDR-SEGMENTATION/valid/label/MA/20170502092651558.tif,DDR-SEGMENTATION/valid/label/SE/20170502092651558.tif,
DDR,train,DDR-SEGMENTATION/train/image/007-5504-300.jpg,DDR-SEGMENTATION/train/label/EX/007-5504-300.tif,DDR-SEGMENTATION/train/label/HE/007-5504-300.tif,DDR-SEGMENTATION/train/label/MA/007-5504-300.tif,DDR-SEGMENTATION/train/label/SE/007-5504-300.tif,
DDR,train,DDR-SEGMENTATION/train/image/007-2280-100.jpg,DDR-SEGMENTATION/train/label/EX/007-2280-100.tif,DDR-SEGMENTATION/train/label/HE/007-2280-100.tif,DDR-SEGMENTATION/train/label/MA/007-2280-100.tif,DDR-SEGMENTATION/train/label/SE/007-2280-100.tif,
DDR,train,DDR-SEGMENTATION/train/image/007-3448-200.jpg,DDR-SEGMENTATION/train/label/EX/007-3448-200.tif,DDR-SEGMENTATION/train/label/HE/007-3448-200.tif,DDR-SEGMENTATION/train/label/MA/007-3448-200.tif,DDR-SEGMENTATION/train/label/SE/007-3448-200.tif,
DDR,train,DDR-SEGMENTATION/train/image/007-5395-300.jpg,DDR-SEGMENTATION/train/label/EX/007-5395-300.tif,DDR-SEGMENTATION/train/label/HE/007-5395-300.tif,DDR-SEGMENTATION/train/label/MA/007-5395-300.tif,DDR-SEGMENTATION/train/label/SE/007-5395-300.tif,
DDR,train,DDR-SEGMENTATION/train/image/007-5064-300.jpg,DDR-SEGMENTATION/train/label/EX/007-5064-300.tif,DDR-SEGMENTATION/train/label/HE/007-5064-300.tif,DDR-SEGMENTATION/train/label/MA/007-5064-300.tif,DDR-SEGMENTATION/train/label/SE/007-5064-300.tif,
DDR,train,DDR-SEGMENTATION/train/image/007-4240-200.jpg,DDR-SEGMENTATION/train/label/EX/007-4240-200.tif,DDR-SEGMENTATION/train/label/HE/007-4240-200.tif,DDR-SEGMENTATION/train/label/MA/007-4240-200.tif,DDR-SEGMENTATION/train/label/SE/007-4240-200.tif,
DDR,train,DDR-SEGMENTATION/train/image/007-3308-200.jpg,DDR-SEGMENTATION/train/label/EX/007-3308-200.tif,DDR-SEGMENTATION/train/label/HE/007-3308-200.tif,DDR-SEGMENTATION/train/label/MA/007-3308-200.tif,DDR-SEGMENTATION/train/label/SE/007-3308-200.tif,
DDR,train,DDR-SEGMENTATION/train/image/007-5434-300.jpg,DDR-SEGMENTATION/train/label/EX/007-5434-300.tif,DDR-SEGMENTATION/train/label/HE/007-5434-300.tif,DDR-SEGMENTATION/train/label/MA/007-5434-300.tif,DDR-SEGMENTATION/train/label/SE/007-5434-300.tif,
DDR,train,DDR-SEGMENTATION/valid/image/007-2976-100.jpg,DDR-SEGMENTATION/valid/label/EX/007-2976-100.tif,DDR-SEGMENTATION/valid/label/HE/007-2976-100.tif,DDR-SEGMENTATION/valid/label/MA/007-2976-100.tif,DDR-SEGMENTATION/valid/label/SE/007-2976-100.tif,
DDR,train,DDR-SEGMENTATION/train/image/007-2228-100.jpg,DDR-SEGMENTATION/train/label/EX/007-2228-100.tif,DDR-SEGMENTATION/train/label/HE/007-2228-100.tif,DDR-SEGMENTATION/train/label/MA/007-2228-100.tif,DDR-SEGMENTATION/train/label/SE/007-2228-100.tif,
DDR,train,DDR-SEGMENTATION/train/image/007-2295-100.jpg,DDR-SEGMENTATION/train/label/EX/007-2295-100.tif,DDR-SEGMENTATION/train/label/HE/007-2295-100.tif,DDR-SEGMENTATION/train/label/MA/007-2295-100.tif,DDR-SEGMENTATION/train/label/SE/007-2295-100.tif,
DDR,train,DDR-SEGMENTATION/train/image/007-5347-300.jpg,DDR-SEGMENTATION/train/label/EX/007-5347-300.tif,DDR-SEGMENTATION/train/label/HE/007-5347-300.tif,DDR-SEGMENTATION/train/label/MA/007-5347-300.tif,DDR-SEGMENTATION/train/label/SE/007-5347-300.tif,
DDR,train,DDR-SEGMENTATION/valid/image/007-6127-300.jpg,DDR-SEGMENTATION/valid/label/EX/007-6127-300.tif,DDR-SEGMENTATION/valid/label/HE/007-6127-300.tif,DDR-SEGMENTATION/valid/label/MA/007-6127-300.tif,DDR-SEGMENTATION/valid/label/SE/007-6127-300.tif,
DDR,train,DDR-SEGMENTATION/train/image/007-3924-200.jpg,DDR-SEGMENTATION/train/label/EX/007-3924-200.tif,DDR-SEGMENTATION/train/label/HE/007-3924-200.tif,DDR-SEGMENTATION/train/label/MA/007-3924-200.tif,DDR-SEGMENTATION/train/label/SE/007-3924-200.tif,
DDR,train,DDR-SEGMENTATION/train/image/007-2402-100.jpg,DDR-SEGMENTATION/train/label/EX/007-2402-100.tif,DDR-SEGMENTATION/train/label/HE/007-2402-100.tif,DDR-SEGMENTATION/train/label/MA/007-2402-100.tif,DDR-SEGMENTATION/train/label/SE/007-2402-100.tif,
DDR,train,DDR-SEGMENTATION/train/image/007-5312-300.jpg,DDR-SEGMENTATION/train/label/EX/007-5312-300.tif,DDR-SEGMENTATION/train/label/HE/007-5312-300.tif,DDR-SEGMENTATION/train/label/MA/007-5312-300.tif,DDR-SEGMENTATION/train/label/SE/007-5312-300.tif,
DDR,train,DDR-SEGMENTATION/train/image/007-6615-400.jpg,DDR-SEGMENTATION/train/label/EX/007-6615-400.tif,DDR-SEGMENTATION/train/label/HE/007-6615-400.tif,DDR-SEGMENTATION/train/label/MA/007-6615-400.tif,DDR-SEGMENTATION/train/label/SE/007-6615-400.tif,
DDR,train,DDR-SEGMENTATION/train/image/007-5506-300.jpg,DDR-SEGMENTATION/train/label/EX/007-5506-300.tif,DDR-SEGMENTATION/train/label/HE/007-5506-300.tif,DDR-SEGMENTATION/train/label/MA/007-5506-300.tif,DDR-SEGMENTATION/train/label/SE/007-5506-300.tif,
DDR,train,DDR-SEGMENTATION/train/image/007-4841-300.jpg,DDR-SEGMENTATION/train/label/EX/007-4841-300.tif,DDR-SEGMENTATION/train/label/HE/007-4841-300.tif,DDR-SEGMENTATION/train/label/MA/007-4841-300.tif,DDR-SEGMENTATION/train/label/SE/007-4841-300.tif,
DDR,train,DDR-SEGMENTATION/train/image/007-2842-100.jpg,DDR-SEGMENTATION/train/label/EX/007-2842-100.tif,DDR-SEGMENTATION/train/label/HE/007-2842-100.tif,DDR-SEGMENTATION/train/label/MA/007-2842-100.tif,DDR-SEGMENTATION/train/label/SE/007-2842-100.tif,
DDR,train,DDR-SEGMENTATION/train/image/007-5346-300.jpg,DDR-SEGMENTATION/train/label/EX/007-5346-300.tif,DDR-SEGMENTATION/train/label/HE/007-5346-300.tif,DDR-SEGMENTATION/train/label/MA/007-5346-300.tif,DDR-SEGMENTATION/train/label/SE/007-5346-300.tif,
DDR,train,DDR-SEGMENTATION/valid/image/20170521094903529.jpg,DDR-SEGMENTATION/valid/label/EX/20170521094903529.tif,DDR-SEGMENTATION/valid/label/HE/20170521094903529.tif,DDR-SEGMENTATION/valid/label/MA/20170521094903529.tif,DDR-SEGMENTATION/valid/label/SE/20170521094903529.tif,
DDR,train,DDR-SEGMENTATION/train/image/007-3461-200.jpg,DDR-SEGMENTATION/train/label/EX/007-3461-200.tif,DDR-SEGMENTATION/train/label/HE/007-3461-200.tif,DDR-SEGMENTATION/train/label/MA/007-3461-200.tif,DDR-SEGMENTATION/train/label/SE/007-3461-200.tif,
DDR,train,DDR-SEGMENTATION/train/image/007-5640-300.jpg,DDR-SEGMENTATION/train/label/EX/007-5640-300.tif,DDR-SEGMENTATION/train/label/HE/007-5640-300.tif,DDR-SEGMENTATION/train/label/MA/007-5640-300.tif,DDR-SEGMENTATION/train/label/SE/007-5640-300.tif,
DDR,train,DDR-SEGMENTATION/train/image/007-3417-200.jpg,DDR-SEGMENTATION/train/label/EX/007-3417-200.tif,DDR-SEGMENTATION/train/label/HE/007-3417-200.tif,DDR-SEGMENTATION/train/label/MA/007-3417-200.tif,DDR-SEGMENTATION/train/label/SE/007-3417-200.tif,
DDR,train,DDR-SEGMENTATION/valid/image/007-5873-300.jpg,DDR-SEGMENTATION/valid/label/EX/007-5873-300.tif,DDR-SEGMENTATION/valid/label/HE/007-5873-300.tif,DDR-SEGMENTATION/valid/label/MA/007-5873-300.tif,DDR-SEGMENTATION/valid/label/SE/007-5873-300.tif,
DDR,train,DDR-SEGMENTATION/valid/image/20170504113211152.jpg,DDR-SEGMENTATION/valid/label/EX/20170504113211152.tif,DDR-SEGMENTATION/valid/label/HE/20170504113211152.tif,DDR-SEGMENTATION/valid/label/MA/20170504113211152.tif,DDR-SEGMENTATION/valid/label/SE/20170504113211152.tif,
DDR,train,DDR-SEGMENTATION/train/image/007-5063-300.jpg,DDR-SEGMENTATION/train/label/EX/007-5063-300.tif,DDR-SEGMENTATION/train/label/HE/007-5063-300.tif,DDR-SEGMENTATION/train/label/MA/007-5063-300.tif,DDR-SEGMENTATION/train/label/SE/007-5063-300.tif,
DDR,train,DDR-SEGMENTATION/train/image/007-5514-300.jpg,DDR-SEGMENTATION/train/label/EX/007-5514-300.tif,DDR-SEGMENTATION/train/label/HE/007-5514-300.tif,DDR-SEGMENTATION/train/label/MA/007-5514-300.tif,DDR-SEGMENTATION/train/label/SE/007-5514-300.tif,
DDR,train,DDR-SEGMENTATION/valid/image/20170503161702100.jpg,DDR-SEGMENTATION/valid/label/EX/20170503161702100.tif,DDR-SEGMENTATION/valid/label/HE/20170503161702100.tif,DDR-SEGMENTATION/valid/label/MA/20170503161702100.tif,DDR-SEGMENTATION/valid/label/SE/20170503161702100.tif,
DDR,train,DDR-SEGMENTATION/train/image/007-2057-100.jpg,DDR-SEGMENTATION/train/label/EX/007-2057-100.tif,DDR-SEGMENTATION/train/label/HE/007-2057-100.tif,DDR-SEGMENTATION/train/label/MA/007-2057-100.tif,DDR-SEGMENTATION/train/label/SE/007-2057-100.tif,
DDR,train,DDR-SEGMENTATION/train/image/007-2757-100.jpg,DDR-SEGMENTATION/train/label/EX/007-2757-100.tif,DDR-SEGMENTATION/train/label/HE/007-2757-100.tif,DDR-SEGMENTATION/train/label/MA/007-2757-100.tif,DDR-SEGMENTATION/train/label/SE/007-2757-100.tif,
DDR,train,DDR-SEGMENTATION/train/image/007-3400-200.jpg,DDR-SEGMENTATION/train/label/EX/007-3400-200.tif,DDR-SEGMENTATION/train/label/HE/007-3400-200.tif,DDR-SEGMENTATION/train/label/MA/007-3400-200.tif,DDR-SEGMENTATION/train/label/SE/007-3400-200.tif,
DDR,train,DDR-SEGMENTATION/train/image/007-2764-100.jpg,DDR-SEGMENTATION/train/label/EX/007-2764-100.tif,DDR-SEGMENTATION/train/label/HE/007-2764-100.tif,DDR-SEGMENTATION/train/label/MA/007-2764-100.tif,DDR-SEGMENTATION/train/label/SE/007-2764-100.tif,
DDR,train,DDR-SEGMENTATION/valid/image/20170522100404106.jpg,DDR-SEGMENTATION/valid/label/EX/20170522100404106.tif,DDR-SEGMENTATION/valid/label/HE/20170522100404106.tif,DDR-SEGMENTATION/valid/label/MA/20170522100404106.tif,DDR-SEGMENTATION/valid/label/SE/20170522100404106.tif,
DDR,train,DDR-SEGMENTATION/valid/image/007-5869-300.jpg,DDR-SEGMENTATION/valid/label/EX/007-5869-300.tif,DDR-SEGMENTATION/valid/label/HE/007-5869-300.tif,DDR-SEGMENTATION/valid/label/MA/007-5869-300.tif,DDR-SEGMENTATION/valid/label/SE/007-5869-300.tif,
DDR,train,DDR-SEGMENTATION/valid/image/20170525181244148.jpg,DDR-SEGMENTATION/valid/label/EX/20170525181244148.tif,DDR-SEGMENTATION/valid/label/HE/20170525181244148.tif,DDR-SEGMENTATION/valid/label/MA/20170525181244148.tif,DDR-SEGMENTATION/valid/label/SE/20170525181244148.tif,
DDR,train,DDR-SEGMENTATION/train/image/007-3398-200.jpg,DDR-SEGMENTATION/train/label/EX/007-3398-200.tif,DDR-SEGMENTATION/train/label/HE/007-3398-200.tif,DDR-SEGMENTATION/train/label/MA/007-3398-200.tif,DDR-SEGMENTATION/train/label/SE/007-3398-200.tif,
DDR,train,DDR-SEGMENTATION/valid/image/007-2883-100.jpg,DDR-SEGMENTATION/valid/label/EX/007-2883-100.tif,DDR-SEGMENTATION/valid/label/HE/007-2883-100.tif,DDR-SEGMENTATION/valid/label/MA/007-2883-100.tif,DDR-SEGMENTATION/valid/label/SE/007-2883-100.tif,
DDR,train,DDR-SEGMENTATION/train/image/007-2787-100.jpg,DDR-SEGMENTATION/train/label/EX/007-2787-100.tif,DDR-SEGMENTATION/train/label/HE/007-2787-100.tif,DDR-SEGMENTATION/train/label/MA/007-2787-100.tif,DDR-SEGMENTATION/train/label/SE/007-2787-100.tif,
DDR,train,DDR-SEGMENTATION/train/image/007-3412-200.jpg,DDR-SEGMENTATION/train/label/EX/007-3412-200.tif,DDR-SEGMENTATION/train/label/HE/007-3412-200.tif,DDR-SEGMENTATION/train/label/MA/007-3412-200.tif,DDR-SEGMENTATION/train/label/SE/007-3412-200.tif,
DDR,train,DDR-SEGMENTATION/train/image/007-5443-300.jpg,DDR-SEGMENTATION/train/label/EX/007-5443-300.tif,DDR-SEGMENTATION/train/label/HE/007-5443-300.tif,DDR-SEGMENTATION/train/label/MA/007-5443-300.tif,DDR-SEGMENTATION/train/label/SE/007-5443-300.tif,
DDR,train,DDR-SEGMENTATION/valid/image/007-7253-400.jpg,DDR-SEGMENTATION/valid/label/EX/007-7253-400.tif,DDR-SEGMENTATION/valid/label/HE/007-7253-400.tif,DDR-SEGMENTATION/valid/label/MA/007-7253-400.tif,DDR-SEGMENTATION/valid/label/SE/007-7253-400.tif,
DDR,train,DDR-SEGMENTATION/train/image/007-4283-200.jpg,DDR-SEGMENTATION/train/label/EX/007-4283-200.tif,DDR-SEGMENTATION/train/label/HE/007-4283-200.tif,DDR-SEGMENTATION/train/label/MA/007-4283-200.tif,DDR-SEGMENTATION/train/label/SE/007-4283-200.tif,
DDR,train,DDR-SEGMENTATION/train/image/007-3361-200.jpg,DDR-SEGMENTATION/train/label/EX/007-3361-200.tif,DDR-SEGMENTATION/train/label/HE/007-3361-200.tif,DDR-SEGMENTATION/train/label/MA/007-3361-200.tif,DDR-SEGMENTATION/train/label/SE/007-3361-200.tif,
DDR,train,DDR-SEGMENTATION/train/image/007-5345-300.jpg,DDR-SEGMENTATION/train/label/EX/007-5345-300.tif,DDR-SEGMENTATION/train/label/HE/007-5345-300.tif,DDR-SEGMENTATION/train/label/MA/007-5345-300.tif,DDR-SEGMENTATION/train/label/SE/007-5345-300.tif,
DDR,train,DDR-SEGMENTATION/train/image/007-5507-300.jpg,DDR-SEGMENTATION/train/label/EX/007-5507-300.tif,DDR-SEGMENTATION/train/label/HE/007-5507-300.tif,DDR-SEGMENTATION/train/label/MA/007-5507-300.tif,DDR-SEGMENTATION/train/label/SE/007-5507-300.tif,
DDR,train,DDR-SEGMENTATION/valid/image/007-5932-300.jpg,DDR-SEGMENTATION/valid/label/EX/007-5932-300.tif,DDR-SEGMENTATION/valid/label/HE/007-5932-300.tif,DDR-SEGMENTATION/valid/label/MA/007-5932-300.tif,DDR-SEGMENTATION/valid/label/SE/007-5932-300.tif,
DDR,train,DDR-SEGMENTATION/valid/image/20170505094751770.jpg,DDR-SEGMENTATION/valid/label/EX/20170505094751770.tif,DDR-SEGMENTATION/valid/label/HE/20170505094751770.tif,DDR-SEGMENTATION/valid/label/MA/20170505094751770.tif,DDR-SEGMENTATION/valid/label/SE/20170505094751770.tif,
DDR,train,DDR-SEGMENTATION/train/image/007-4691-200.jpg,DDR-SEGMENTATION/train/label/EX/007-4691-200.tif,DDR-SEGMENTATION/train/label/HE/007-4691-200.tif,DDR-SEGMENTATION/train/label/MA/007-4691-200.tif,DDR-SEGMENTATION/train/label/SE/007-4691-200.tif,
DDR,train,DDR-SEGMENTATION/valid/image/007-5951-300.jpg,DDR-SEGMENTATION/valid/label/EX/007-5951-300.tif,DDR-SEGMENTATION/valid/label/HE/007-5951-300.tif,DDR-SEGMENTATION/valid/label/MA/007-5951-300.tif,DDR-SEGMENTATION/valid/label/SE/007-5951-300.tif,
DDR,train,DDR-SEGMENTATION/train/image/007-3425-200.jpg,DDR-SEGMENTATION/train/label/EX/007-3425-200.tif,DDR-SEGMENTATION/train/label/HE/007-3425-200.tif,DDR-SEGMENTATION/train/label/MA/007-3425-200.tif,DDR-SEGMENTATION/train/label/SE/007-3425-200.tif,
DDR,train,DDR-SEGMENTATION/train/image/007-5467-300.jpg,DDR-SEGMENTATION/train/label/EX/007-5467-300.tif,DDR-SEGMENTATION/train/label/HE/007-5467-300.tif,DDR-SEGMENTATION/train/label/MA/007-5467-300.tif,DDR-SEGMENTATION/train/label/SE/007-5467-300.tif,
DDR,train,DDR-SEGMENTATION/train/image/007-2232-100.jpg,DDR-SEGMENTATION/train/label/EX/007-2232-100.tif,DDR-SEGMENTATION/train/label/HE/007-2232-100.tif,DDR-SEGMENTATION/train/label/MA/007-2232-100.tif,DDR-SEGMENTATION/train/label/SE/007-2232-100.tif,
DDR,train,DDR-SEGMENTATION/train/image/007-1811-100.jpg,DDR-SEGMENTATION/train/label/EX/007-1811-100.tif,DDR-SEGMENTATION/train/label/HE/007-1811-100.tif,DDR-SEGMENTATION/train/label/MA/007-1811-100.tif,DDR-SEGMENTATION/train/label/SE/007-1811-100.tif,
DDR,train,DDR-SEGMENTATION/train/image/007-5672-300.jpg,DDR-SEGMENTATION/train/label/EX/007-5672-300.tif,DDR-SEGMENTATION/train/label/HE/007-5672-300.tif,DDR-SEGMENTATION/train/label/MA/007-5672-300.tif,DDR-SEGMENTATION/train/label/SE/007-5672-300.tif,
DDR,train,DDR-SEGMENTATION/valid/image/20170524102406516.jpg,DDR-SEGMENTATION/valid/label/EX/20170524102406516.tif,DDR-SEGMENTATION/valid/label/HE/20170524102406516.tif,DDR-SEGMENTATION/valid/label/MA/20170524102406516.tif,DDR-SEGMENTATION/valid/label/SE/20170524102406516.tif,
DDR,train,DDR-SEGMENTATION/train/image/007-6957-400.jpg,DDR-SEGMENTATION/train/label/EX/007-6957-400.tif,DDR-SEGMENTATION/train/label/HE/007-6957-400.tif,DDR-SEGMENTATION/train/label/MA/007-6957-400.tif,DDR-SEGMENTATION/train/label/SE/007-6957-400.tif,
DDR,train,DDR-SEGMENTATION/train/image/007-5458-300.jpg,DDR-SEGMENTATION/train/label/EX/007-5458-300.tif,DDR-SEGMENTATION/train/label/HE/007-5458-300.tif,DDR-SEGMENTATION/train/label/MA/007-5458-300.tif,DDR-SEGMENTATION/train/label/SE/007-5458-300.tif,
DDR,train,DDR-SEGMENTATION/train/image/007-4674-200.jpg,DDR-SEGMENTATION/train/label/EX/007-4674-200.tif,DDR-SEGMENTATION/train/label/HE/007-4674-200.tif,DDR-SEGMENTATION/train/label/MA/007-4674-200.tif,DDR-SEGMENTATION/train/label/SE/007-4674-200.tif,
DDR,train,DDR-SEGMENTATION/valid/image/007-5935-300.jpg,DDR-SEGMENTATION/valid/label/EX/007-5935-300.tif,DDR-SEGMENTATION/valid/label/HE/007-5935-300.tif,DDR-SEGMENTATION/valid/label/MA/007-5935-300.tif,DDR-SEGMENTATION/valid/label/SE/007-5935-300.tif,
DDR,train,DDR-SEGMENTATION/train/image/007-1946-100.jpg,DDR-SEGMENTATION/train/label/EX/007-1946-100.tif,DDR-SEGMENTATION/train/label/HE/007-1946-100.tif,DDR-SEGMENTATION/train/label/MA/007-1946-100.tif,DDR-SEGMENTATION/train/label/SE/007-1946-100.tif,
DDR,train,DDR-SEGMENTATION/train/image/007-4661-200.jpg,DDR-SEGMENTATION/train/label/EX/007-4661-200.tif,DDR-SEGMENTATION/train/label/HE/007-4661-200.tif,DDR-SEGMENTATION/train/label/MA/007-4661-200.tif,DDR-SEGMENTATION/train/label/SE/007-4661-200.tif,
DDR,train,DDR-SEGMENTATION/valid/image/007-5888-300.jpg,DDR-SEGMENTATION/valid/label/EX/007-5888-300.tif,DDR-SEGMENTATION/valid/label/HE/007-5888-300.tif,DDR-SEGMENTATION/valid/label/MA/007-5888-300.tif,DDR-SEGMENTATION/valid/label/SE/007-5888-300.tif,
DDR,train,DDR-SEGMENTATION/train/image/007-2840-100.jpg,DDR-SEGMENTATION/train/label/EX/007-2840-100.tif,DDR-SEGMENTATION/train/label/HE/007-2840-100.tif,DDR-SEGMENTATION/train/label/MA/007-2840-100.tif,DDR-SEGMENTATION/train/label/SE/007-2840-100.tif,
DDR,train,DDR-SEGMENTATION/valid/image/20170502085446271.jpg,DDR-SEGMENTATION/valid/label/EX/20170502085446271.tif,DDR-SEGMENTATION/valid/label/HE/20170502085446271.tif,DDR-SEGMENTATION/valid/label/MA/20170502085446271.tif,DDR-SEGMENTATION/valid/label/SE/20170502085446271.tif,
DDR,train,DDR-SEGMENTATION/train/image/007-2753-100.jpg,DDR-SEGMENTATION/train/label/EX/007-2753-100.tif,DDR-SEGMENTATION/train/label/HE/007-2753-100.tif,DDR-SEGMENTATION/train/label/MA/007-2753-100.tif,DDR-SEGMENTATION/train/label/SE/007-2753-100.tif,
DDR,train,DDR-SEGMENTATION/train/image/007-4557-200.jpg,DDR-SEGMENTATION/train/label/EX/007-4557-200.tif,DDR-SEGMENTATION/train/label/HE/007-4557-200.tif,DDR-SEGMENTATION/train/label/MA/007-4557-200.tif,DDR-SEGMENTATION/train/label/SE/007-4557-200.tif,
DDR,train,DDR-SEGMENTATION/train/image/007-6608-400.jpg,DDR-SEGMENTATION/train/label/EX/007-6608-400.tif,DDR-SEGMENTATION/train/label/HE/007-6608-400.tif,DDR-SEGMENTATION/train/label/MA/007-6608-400.tif,DDR-SEGMENTATION/train/label/SE/007-6608-400.tif,
DDR,train,DDR-SEGMENTATION/train/image/007-3499-200.jpg,DDR-SEGMENTATION/train/label/EX/007-3499-200.tif,DDR-SEGMENTATION/train/label/HE/007-3499-200.tif,DDR-SEGMENTATION/train/label/MA/007-3499-200.tif,DDR-SEGMENTATION/train/label/SE/007-3499-200.tif,
DDR,train,DDR-SEGMENTATION/valid/image/007-6202-300.jpg,DDR-SEGMENTATION/valid/label/EX/007-6202-300.tif,DDR-SEGMENTATION/valid/label/HE/007-6202-300.tif,DDR-SEGMENTATION/valid/label/MA/007-6202-300.tif,DDR-SEGMENTATION/valid/label/SE/007-6202-300.tif,
DDR,train,DDR-SEGMENTATION/train/image/007-6335-400.jpg,DDR-SEGMENTATION/train/label/EX/007-6335-400.tif,DDR-SEGMENTATION/train/label/HE/007-6335-400.tif,DDR-SEGMENTATION/train/label/MA/007-6335-400.tif,DDR-SEGMENTATION/train/label/SE/007-6335-400.tif,
DDR,train,DDR-SEGMENTATION/train/image/007-6717-400.jpg,DDR-SEGMENTATION/train/label/EX/007-6717-400.tif,DDR-SEGMENTATION/train/label/HE/007-6717-400.tif,DDR-SEGMENTATION/train/label/MA/007-6717-400.tif,DDR-SEGMENTATION/train/label/SE/007-6717-400.tif,
DDR,train,DDR-SEGMENTATION/train/image/007-2705-100.jpg,DDR-SEGMENTATION/train/label/EX/007-2705-100.tif,DDR-SEGMENTATION/train/label/HE/007-2705-100.tif,DDR-SEGMENTATION/train/label/MA/007-2705-100.tif,DDR-SEGMENTATION/train/label/SE/007-2705-100.tif,
DDR,train,DDR-SEGMENTATION/train/image/007-5452-300.jpg,DDR-SEGMENTATION/train/label/EX/007-5452-300.tif,DDR-SEGMENTATION/train/label/HE/007-5452-300.tif,DDR-SEGMENTATION/train/label/MA/007-5452-300.tif,DDR-SEGMENTATION/train/label/SE/007-5452-300.tif,
DDR,train,DDR-SEGMENTATION/train/image/007-2631-100.jpg,DDR-SEGMENTATION/train/label/EX/007-2631-100.tif,DDR-SEGMENTATION/train/label/HE/007-2631-100.tif,DDR-SEGMENTATION/train/label/MA/007-2631-100.tif,DDR-SEGMENTATION/train/label/SE/007-2631-100.tif,
DDR,train,DDR-SEGMENTATION/train/image/007-6475-400.jpg,DDR-SEGMENTATION/train/label/EX/007-6475-400.tif,DDR-SEGMENTATION/train/label/HE/007-6475-400.tif,DDR-SEGMENTATION/train/label/MA/007-6475-400.tif,DDR-SEGMENTATION/train/label/SE/007-6475-400.tif,
DDR,train,DDR-SEGMENTATION/valid/image/20170504101207303.jpg,DDR-SEGMENTATION/valid/label/EX/20170504101207303.tif,DDR-SEGMENTATION/valid/label/HE/20170504101207303.tif,DDR-SEGMENTATION/valid/label/MA/20170504101207303.tif,DDR-SEGMENTATION/valid/label/SE/20170504101207303.tif,
DDR,train,DDR-SEGMENTATION/train/image/007-5625-300.jpg,DDR-SEGMENTATION/train/label/EX/007-5625-300.tif,DDR-SEGMENTATION/train/label/HE/007-5625-300.tif,DDR-SEGMENTATION/train/label/MA/007-5625-300.tif,DDR-SEGMENTATION/train/label/SE/007-5625-300.tif,
DDR,train,DDR-SEGMENTATION/train/image/007-5505-300.jpg,DDR-SEGMENTATION/train/label/EX/007-5505-300.tif,DDR-SEGMENTATION/train/label/HE/007-5505-300.tif,DDR-SEGMENTATION/train/label/MA/007-5505-300.tif,DDR-SEGMENTATION/train/label/SE/007-5505-300.tif,
DDR,train,DDR-SEGMENTATION/train/image/007-3462-200.jpg,DDR-SEGMENTATION/train/label/EX/007-3462-200.tif,DDR-SEGMENTATION/train/label/HE/007-3462-200.tif,DDR-SEGMENTATION/train/label/MA/007-3462-200.tif,DDR-SEGMENTATION/train/label/SE/007-3462-200.tif,
DDR,train,DDR-SEGMENTATION/train/image/007-2339-100.jpg,DDR-SEGMENTATION/train/label/EX/007-2339-100.tif,DDR-SEGMENTATION/train/label/HE/007-2339-100.tif,DDR-SEGMENTATION/train/label/MA/007-2339-100.tif,DDR-SEGMENTATION/train/label/SE/007-2339-100.tif,
